Protocol Name, Long Protocol Name, Attribute Name, Full Attribute Name, Attribute Type, Attribute Description
Internal, Internal, session, Session, string, "Session UUID."
Internal, Internal, srcmac, SrcMAC, uint64, "Source MAC address."
Internal, Internal, destmac, DestMAC, uint64, "Destination MAC address."
Internal, Internal, srcip, SrcIP, uint32, "Source IP address."
Internal, Internal, destip, DestIP, uint32, "Destination IP address."
Internal, Internal, packetpath, PacketPath, string, "Packet path."
Internal, Internal, flowsessioncount, FlowSessionCount, uint32, "Flow Session Count."
Internal, Internal, srcport, SrcPort, uint32, "Source Port."
Internal, Internal, destport, DestPort, uint32, "Destination Port."
Internal, Internal, flowcompleted, FlowCompleted, bool, "Flow Completed flag."
Internal, Internal, delay, Delay, string, "Delay."
Internal, Internal, protocol, Protocol, uint32, "Protocol."
Internal, Internal, totalpackets, TotalPackets, uint32, "Total packets in the session."
Internal, Internal, timestart, TimeStart, uint64, "Start time of the flow."
Internal, Internal, timeupdated, TimeUpdated, uint64, "Time updated."
Internal, Internal, destbytes, DestBytes, uint64, "Destination bytes."
Internal, Internal, srcbytes, SrcBytes, uint64, "Source bytes."
Internal, Internal, flowtype, FlowType, FlowType, "Flow type."
Internal, Internal, packetsdelta, PacketsDelta, uint64, "Packets delta between update."
Internal, Internal, timedelta, TimeDelta, uint64, "Time delta between update."
Internal, Internal, destbytesdelta, DestBytesDelta, uint64, "Destination byte delta between update."
Internal, Internal, srcbytesdelta, SrcBytesDelta, uint64, "Source byte delta between update."
Internal, Internal, customapplication, CustomApplication, bytes, "Custom Application."
Internal, Internal, flowstate, FlowState, FlowState, "Flow State type."
Internal, Internal, captured, Captured, bool, "Captured flag."
Internal, Internal, childflownumber, ChildFlowNumber, uint32, "Child Flow number."
Internal, Internal, totalbytes, TotalBytes, uint64, "Total bytes of the session."
Internal, Internal, totalbytesdelta, TotalBytesDelta, uint64, "Total bytes delta between update."
Internal, Internal, application, Application, string, "Application."
Internal, Internal, applicationpath, ApplicationPath, string, "Application Path."
Internal, Internal, duration, Duration, uint64, "Duration of the flow."
Internal, Internal, messagesize, MessageSize, uint64, "Size of the DPI message."
Internal, Internal, threadid, ThreadID, uint32, "Thread ID."
Internal, Internal, fieldcount, FieldCount, uint64, "Total fields in DPI message."
Internal, Internal, debugmessage, DebugMessage, string, "Debug message."
Internal, Internal, applicationid, ApplicationID, uint32, "Application ID."
Internal, Internal, latestupdate, LatestUpdate, bool, "Latest update flag."
Internal, Internal, timeprevious, TimePrevious, uint64, "Time Previous."
Internal, Internal, written, Written, bool, "Capture written flag."
Internal, Internal, captureremoved, CaptureRemoved, bool, "Capture removed flag."
Internal, Internal, srcip6, SrcIP6, uint32, "Source IP6 address."
Internal, Internal, destip6, DestIP6, uint32, "Destination IP6 address."
Internal, Internal, normalizedsyslogdata, NormalizedSyslogData, string, "Normalized Syslog data."
Internal, Internal, timeend, TimeEnd, uint64, "Time End."
Internal, Internal, headerwritten, HeaderWritten, bool, "Header written flag."
Internal, Internal, connectionestablished, ConnectionEstablished, bool, "Connection Established flag."
Internal, Internal, maxrepeatedfieldcount, MaxRepeatedFieldCount, uint32, "Maximum number of fields indexed by ElasticSearch."
Internal, Internal, fieldcountindexed, FieldCountIndexed, uint32, "Field count indexed by ElasticSearch."
Internal, Internal, emailAttachments, EmailAttachments, EmailAttach, "Email attachment structure."
Internal, Internal, customfields, CustomFields, CustomField, "Custom Fields."
Internal, Internal, repeatedfieldcount, RepeatedFieldCount, uint64, "Total repeated fields in DPI message."
0zz0, 0zz0.com, filesize, filesizeq_proto_0zz0, uint32, "Size (byte) of the transferred file."
adc, Advanced Direct Connect, file_chunk_data_offset, file_chunk_data_offsetq_proto_adc, uint32, "Offset of the transferred data."
adc, Advanced Direct Connect, file_chunk_len, file_chunk_lenq_proto_adc, uint32, "Size of the transferred piece."
adc, Advanced Direct Connect, filesize, filesizeq_proto_adc, uint32, "Size (byte) of the transferred file."
aim, AOL Instant Messenger (formerly OSCAR), filesize, filesizeq_proto_aim, uint32, "Size (byte) of the transferred file."
aim, AOL Instant Messenger (formerly OSCAR), internal_ip_address, internal_ip_addressq_proto_aim, string, "Internal IP address of the contact."
aim, AOL Instant Messenger (formerly OSCAR), external_ip_address, external_ip_addressq_proto_aim, string, "External IP address of the contact."
aim_transfer, AIM Transfer, filesize, filesizeq_proto_aim_transfer, uint32, "Size (byte) of the transferred file."
amqp, Advance Message Queuing Protocol, response_time, response_timeq_proto_amqp, string, "Server response time during the connection procedure."
archive, Archive.org, query_index, query_indexq_proto_archive, uint32, "A number containing the index of the showed results"
badongo, Badongo.com, filesize, filesizeq_proto_badongo, uint32, "Size (byte) of the transferred file."
baidu, Baidu.com, query_index, query_indexq_proto_baidu, uint32, "A number containing the index of the showed results"
base, Base virtual protocol, time, timeq_proto_base, uint32, "Elapsed time since 1st January 1970, displayed in seconds/ minutes/ hours/ days according to the value of the given parameter."
base, Base virtual protocol, flow_id, flow_idq_proto_base, uint64, "Unique connection ID."
base, Base virtual protocol, family_id, family_idq_proto_base, uint32, "Identifier of the family to which the uppermost protocol of the protocol stack belongs to."
base, Base virtual protocol, application_id, application_idq_proto_base, uint32, "Unique ID of application to which the packet belongs."
base, Base virtual protocol, path_len, path_lenq_proto_base, uint32, "Contains the number of protocols in the packet protocol stack (path)."
base, Base virtual protocol, packet_counter, packet_counterq_proto_base, uint32, "Number of packets received."
base, Base virtual protocol, declassified, declassifiedq_proto_base, uint32, "Attribute showing whether a declassification is happened in a packet, the raised value is the protocol id."
base, Base virtual protocol, application_id_end, application_id_endq_proto_base, uint32, "Contains the latest value for the attribute application_id"
base, Base virtual protocol, create_time, create_timeq_proto_base, string, "Contains the timestamp of the first packet of the flow."
base, Base virtual protocol, multi_match_proto_id, multi_match_proto_idq_proto_base, uint32, "When multiple pdata rules do match the same packet, the highest priority rule is classified. The protocol ids of the lesser priority rules are shown in deacreasing priority order through this protocol."
bebo, Bebo.com, is_mobile_service, is_mobile_serviceq_proto_bebo, uint32, "Whether or not the access was made through a mobile device."
bgp, Border Gateway Protocol, identifier, identifierq_proto_bgp, string, "BGP Identifier of the sender"
bgp, Border Gateway Protocol, path_attr_value_local_pref, path_attr_value_local_prefq_proto_bgp, uint32, "Local preference value"
bgp, Border Gateway Protocol, path_attr_value_as_num, path_attr_value_as_numq_proto_bgp, uint32, "As number"
bgp, Border Gateway Protocol, path_attr_value_next_hop_ip, path_attr_value_next_hop_ipq_proto_bgp, string, "IP address of the next hop"
bgp, Border Gateway Protocol, withdrawn_prefix, withdrawn_prefixq_proto_bgp, string, "Contains Ip addresses Prefixes"
bgp, Border Gateway Protocol, nlri_prefix, nlri_prefixq_proto_bgp, string, "Contains IP addresses prefix"
bing, Bing.com (formerly MSN Search), query_index, query_indexq_proto_bing, uint32, "A number containing the index of the showed results"
bittorrent, BitTorrent, canceled_chunk_number, canceled_chunk_numberq_proto_bittorrent, uint32, "Number of the canceled piece."
bittorrent, BitTorrent, canceled_chunk_length, canceled_chunk_lengthq_proto_bittorrent, uint32, "Size of the canceled piece."
bittorrent, BitTorrent, canceled_chunk_data_offset, canceled_chunk_data_offsetq_proto_bittorrent, uint32, "Offset of the canceled data."
bittorrent, BitTorrent, file_chunk_number, file_chunk_numberq_proto_bittorrent, uint32, "Number of the transferred piece."
bittorrent, BitTorrent, file_chunk_len, file_chunk_lenq_proto_bittorrent, uint32, "Size of the transferred piece."
bittorrent, BitTorrent, file_chunk_data_offset, file_chunk_data_offsetq_proto_bittorrent, uint32, "Offset of the transferred data."
bittorrent, BitTorrent, piece_length, piece_lengthq_proto_bittorrent, uint32, "Chunk size, for the specified file."
bittorrent, BitTorrent, filesize, filesizeq_proto_bittorrent, uint32, "Size (byte) of the transferred file."
bittorrent, BitTorrent, peer_share_ip, peer_share_ipq_proto_bittorrent, string, "IP address used by a peer to share his files."
bmff, ISO Base Media File Format, video_duration, video_durationq_proto_bmff, uint32, "Duration of the video in seconds."
bmff, ISO Base Media File Format, video_width, video_widthq_proto_bmff, uint32, "Width of the video in pixels."
bmff, ISO Base Media File Format, video_height, video_heightq_proto_bmff, uint32, "Height of the video in pixels."
bmff, ISO Base Media File Format, video_datarate, video_datarateq_proto_bmff, uint32, "Video bitrate in kilobits per second."
bmff, ISO Base Media File Format, video_avgdatarate, video_avgdatarateq_proto_bmff, uint32, "Average video bitrate in kilobits per second."
bssap, BSS Application Part, timestamp, timestampq_proto_bssap, string, "Message timestamp"
capwap, Control And Provisioning of Wireless Access Points, bssid, bssidq_proto_capwap, string, "EUI-48 MAC address of the radio receiving the packet."
capwap, Control And Provisioning of Wireless Access Points, bssid_64, bssid_64q_proto_capwap, uint64, "EUI-64 MAC address of the radio receiving the packet."
dcerpc, Distributed Computing Environment - Remote Procedure Call, call_id, call_idq_proto_dcerpc, uint32, "ID of the call."
dhcp, Dynamic Host Configuration Protocol, ciaddr, ciaddrq_proto_dhcp, string, "Current client ip address."
dhcp, Dynamic Host Configuration Protocol, yiaddr, yiaddrq_proto_dhcp, string, "New ip address attributed to the client."
dhcp, Dynamic Host Configuration Protocol, siaddr, siaddrq_proto_dhcp, string, "Ip address of next server (used when booting via a server)."
dhcp, Dynamic Host Configuration Protocol, giaddr, giaddrq_proto_dhcp, string, "Relay agent ip address (used when booting via a relay agent)."
dhcp, Dynamic Host Configuration Protocol, chaddr, chaddrq_proto_dhcp, string, "Client hardware address."
dhcp, Dynamic Host Configuration Protocol, subnetmask, subnetmaskq_proto_dhcp, string, "Subnet mask assigned to the client."
dhcp, Dynamic Host Configuration Protocol, router, routerq_proto_dhcp, string, "List of gateway's ip addresses."
dhcp, Dynamic Host Configuration Protocol, dns_server, dns_serverq_proto_dhcp, string, "List of dns server's ip addresses."
dhcp, Dynamic Host Configuration Protocol, ip_lease_time, ip_lease_timeq_proto_dhcp, uint32, "In a server reply (dhcpoffer), a dhcp server uses this option to specify the lease time it is willing to offer. the time is in seconds"
dhcp, Dynamic Host Configuration Protocol, end_status, end_statusq_proto_dhcp, uint32, "An event sent when dhcp session expires. it's equal to 1 when a release message was observed and 0 if not"
dhcp, Dynamic Host Configuration Protocol, xid, xidq_proto_dhcp, uint32, "Transaction ID, a random number chosen by the client, used by the client and server to associate requests and responses."
diameter, Diameter, acct_record_number, acct_record_numberq_proto_diameter, uint32, "Unique identifier for one record within a session"
diameter, Diameter, acct_record_type, acct_record_typeq_proto_diameter, uint32, "Record type"
diameter, Diameter, acct_output_octets, acct_output_octetsq_proto_diameter, uint64, "Indicates how many octets have been sent to the port in the course of delivering this service"
diameter, Diameter, acct_input_octets, acct_input_octetsq_proto_diameter, uint64, "Indicates how many octets have been received from the port over the course of this service being provided"
diameter, Diameter, acct_sub_session_id, acct_sub_session_idq_proto_diameter, uint64, "Sub-session identifier"
diameter, Diameter, terminate_cause, terminate_causeq_proto_diameter, uint32, "This attribute indicates how the session was terminated"
diameter, Diameter, auth_request_type, auth_request_typeq_proto_diameter, uint32, "Requested authentication type"
diameter, Diameter, result_code, result_codeq_proto_diameter, uint32, "Indicates whether a particular Diameter request was completed successfully not"
diameter, Diameter, nas_port, nas_portq_proto_diameter, uint32, "Physical port number of the user on the NAS"
diameter, Diameter, nas_port_type, nas_port_typeq_proto_diameter, uint32, "Indicates the type of the physical port of the NAS that is authenticating the user."
diameter, Diameter, end_to_end_id, end_to_end_idq_proto_diameter, uint32, "Used to detect duplicate messages"
diameter, Diameter, hop_by_hop_id, hop_by_hop_idq_proto_diameter, uint32, "Used to match Diameter request and reply messages"
diameter, Diameter, application_id, application_idq_proto_diameter, uint32, "Identify which application the message is applicable for"
diameter, Diameter, command_code, command_codeq_proto_diameter, uint32, "Command associated with the Diameter request"
dimp, Dynamic Internet Messaging Program, attach_size, attach_sizeq_proto_dimp, uint32, "Attached file MIME size."
dimp, Dynamic Internet Messaging Program, draft, draftq_proto_dimp, uint32, "Indicates if the email is a draft or has really been posted"
directconnect, DirectConnect (NMDC), file_is_compressed, file_is_compressedq_proto_directconnect, uint32, "Tells whether a file is compressed."
directconnect, DirectConnect (NMDC), file_chunk_data_offset, file_chunk_data_offsetq_proto_directconnect, uint32, "Offset of the transferred data."
directconnect, DirectConnect (NMDC), file_chunk_len, file_chunk_lenq_proto_directconnect, uint32, "Size of the transferred piece."
dns, Domain Name Service, qdcount, qdcountq_proto_dns, uint32, "Number of queries."
dns, Domain Name Service, ancount, ancountq_proto_dns, uint32, "Number of answers."
dns, Domain Name Service, nscount, nscountq_proto_dns, uint32, "Number of answers in the 'authority' section."
dns, Domain Name Service, arcount, arcountq_proto_dns, uint32, "Number of additional answers."
dns, Domain Name Service, transaction_id, transaction_idq_proto_dns, uint32, "DNS unique transaction ID."
dns, Domain Name Service, host_addr, host_addrq_proto_dns, string, "IPV4 Host address"
dns, Domain Name Service, reverse_addr, reverse_addrq_proto_dns, string, "IP address returned to the PTR request."
dns, Domain Name Service, response_time, response_timeq_proto_dns, string, "Elapsed time between sending of the dns request and reception of its response."
dns, Domain Name Service, ttl, ttlq_proto_dns, uint32, "Time (in seconds) a DNS information returned by the server will be kept in cache."
dns, Domain Name Service, opcode, opcodeq_proto_dns, uint32, "A four bit field that specifies kind of query in this message. This value is set by the originator of a query and copied into the response."
edonkey, Edonkey, filesize, filesizeq_proto_edonkey, uint64, "Size (byte) of the transferred file."
edonkey, Edonkey, file_is_compressed, file_is_compressedq_proto_edonkey, uint32, "Tells whether a file is compressed."
edonkey, Edonkey, file_chunk_len, file_chunk_lenq_proto_edonkey, uint32, "Size of the transferred piece."
edonkey, Edonkey, file_chunk_data_offset, file_chunk_data_offsetq_proto_edonkey, uint32, "Offset of the transferred data."
eigrp, Enhanced Interior Gateway Routing Protocol, as_number, as_numberq_proto_eigrp, uint32, "The Autonomous System identifier."
etsi_li, ETSI Lawful Interception TS 10 232-1 V2.1.1, second, secondq_proto_etsi_li, uint64, "The field contains the timestamp in seconds."
facebook, Facebook, feed_like, feed_likeq_proto_facebook, uint32, "Number of time the feed has been liked."
facebook_mail, Facebook Mail, attach_size, attach_sizeq_proto_facebook_mail, uint32, "Attached file MIME size."
facetime, Apple FaceTime, service_id, service_idq_proto_facetime, uint32, "Composite 32-bit integer value defining the service currently used. The first byte (LSB) gives the generic service definition, the second byte gives an advanced service definition for specific cases (example: File Transfer)."
facetime, Apple FaceTime, service_duration, service_durationq_proto_facetime, uint32, "4 bytes integer value indicating, when the service is ended, the duration of it in seconds"
facetime, Apple FaceTime, service_duration_tv, service_duration_tvq_proto_facetime, string, "Timeval structure indicating, when the service is ended, the length of it in second and microseconds."
ftp, File Transfer Protocol, filesize, filesizeq_proto_ftp, uint32, "Size (byte) of the transferred file."
ftp, File Transfer Protocol, data_port_start_offset, data_port_start_offsetq_proto_ftp, uint32, "Offset to the first FTP port byte given in the PORT command."
ftp, File Transfer Protocol, data_port_end_offset, data_port_end_offsetq_proto_ftp, uint32, "Offset to the first byte which is not part of the TCP port value, given in the PORT command."
ftp, File Transfer Protocol, offset, offsetq_proto_ftp, uint32, "Indicates the start offset of the file transfer."
ftp, File Transfer Protocol, transfer_duration, transfer_durationq_proto_ftp, string, "Elapsed time (in seconds) between the begining of a transfer (ftp code 150) and the first packet signaling the end with succes of the transfer (ftp code 226)"
ftp, File Transfer Protocol, index, indexq_proto_ftp, uint32, "Identifier of the request and response in a FTP flow."
giop, General Inter-ORB Protocol, request_id, request_idq_proto_giop, uint32, "ID used to associate a reply message with a request message."
gmail, Google Mail, attach_size, attach_sizeq_proto_gmail, uint32, "Attached file MIME size."
gmail, Google Mail, thumbnail, thumbnailq_proto_gmail, uint32, "Indicates whether this attachment is an image thumbnail."
gmail, Google Mail, draft, draftq_proto_gmail, uint32, "Indicates if the email is a draft or has really been posted"
gmail, Google Mail, last_activity_timestamp, last_activity_timestampq_proto_gmail, string, "Last account activity timestamp."
gmail, Google Mail, current_ip_address, current_ip_addressq_proto_gmail, string, "IP address of the logged user."
gmail, Google Mail, other_ip_address, other_ip_addressq_proto_gmail, string, "IP address of the other logged user."
gmail_basic, Gmail Basic, draft, draftq_proto_gmail_basic, uint32, "Indicates if the email is a draft or has really been posted"
gmail_basic, Gmail Basic, attach_size, attach_sizeq_proto_gmail_basic, uint32, "Attached file MIME size."
gmail_mobile, Gmail Mobile, draft, draftq_proto_gmail_mobile, uint32, "Indicates if the email is a draft or has really been posted"
gnutella, Gnutella, filesize, filesizeq_proto_gnutella, uint32, "Size (byte) of the transferred file."
gnutella, Gnutella, file_chunk_len, file_chunk_lenq_proto_gnutella, uint32, "Size of the transferred piece."
gnutella, Gnutella, file_chunk_data_offset, file_chunk_data_offsetq_proto_gnutella, uint32, "Offset of the transferred data."
gnutella, Gnutella, peer_addr, peer_addrq_proto_gnutella, string, "Gnutella peer's IPv4 address."
google, Google.com, query_index, query_indexq_proto_google, uint32, "A number containing the index of the showed results"
gotomypc, GoToMyPC Remote Access, service_id, service_idq_proto_gotomypc, uint32, "Composite 32-bit integer value defining the service currently used. The first byte (LSB) gives the generic service definition, the second byte gives an advanced service definition for specific cases (example: File Transfer)."
gtp, GPRS Tunneling Protocol, teid, teidq_proto_gtp, uint32, "Transaction ID, available in version 1."
gtp, GPRS Tunneling Protocol, ms_address, ms_addressq_proto_gtp, string, "IP address assigned to the mobile station."
gtp, GPRS Tunneling Protocol, ms_address_peer, ms_address_peerq_proto_gtp, string, "IP address assigned to the mobile station on the peer half-session."
gtp, GPRS Tunneling Protocol, gsn_address, gsn_addressq_proto_gtp, string, "GSN IP address."
gtp, GPRS Tunneling Protocol, gsn_address_control, gsn_address_controlq_proto_gtp, string, "GSN Control IP address."
gtp, GPRS Tunneling Protocol, gsn_address_data, gsn_address_dataq_proto_gtp, string, "GSN Data IP address."
gtp, GPRS Tunneling Protocol, reply_cause_code, reply_cause_codeq_proto_gtp, uint32, "Return code following a create context request"
gtp, GPRS Tunneling Protocol, create_ctxt_delay, create_ctxt_delayq_proto_gtp, string, "Time for PDP context creation"
gtp, GPRS Tunneling Protocol, session_time, session_timeq_proto_gtp, string, "GTP session duration (time between create context and delete context)"
gtp, GPRS Tunneling Protocol, start_time, start_timeq_proto_gtp, string, "Start date of the call"
gtp, GPRS Tunneling Protocol, stop_time, stop_timeq_proto_gtp, string, "End date of the call"
gtp, GPRS Tunneling Protocol, teid_data, teid_dataq_proto_gtp, uint32, "TEID data (Tunnel Endpoint Identifier)"
gtp, GPRS Tunneling Protocol, teid_control, teid_controlq_proto_gtp, uint32, "TEID control plane (Tunnel Endpoint Identifier)"
gtp, GPRS Tunneling Protocol, qos_delay, qos_delayq_proto_gtp, uint32, "Specifies the quality of service delay class."
gtp, GPRS Tunneling Protocol, qos_reliability, qos_reliabilityq_proto_gtp, uint32, "Specifies the quality of service reliability class."
gtp, GPRS Tunneling Protocol, qos_peak, qos_peakq_proto_gtp, uint32, "Specifies the quality of service peak throughput."
gtp, GPRS Tunneling Protocol, qos_precedence, qos_precedenceq_proto_gtp, uint32, "Specifies the quality of service precedence class."
gtp, GPRS Tunneling Protocol, qos_mean, qos_meanq_proto_gtp, uint32, "Specifies the quality of service mean throughput."
gtp, GPRS Tunneling Protocol, qos_alloc_ret_prio, qos_alloc_ret_prioq_proto_gtp, uint32, "Specifies the Allocation/Retention priority."
gtp, GPRS Tunneling Protocol, qos_max_uplink, qos_max_uplinkq_proto_gtp, uint32, "Specifies the maximum uplink throughput."
gtp, GPRS Tunneling Protocol, qos_max_downlink, qos_max_downlinkq_proto_gtp, uint32, "Specifies the maximum downlink throughput."
gtp, GPRS Tunneling Protocol, location_type, location_typeq_proto_gtp, uint32, "Terminal Location Type"
gtp, GPRS Tunneling Protocol, imsi_cc, imsi_ccq_proto_gtp, uint32, "Mobile Country Code"
gtp, GPRS Tunneling Protocol, imsi_nc, imsi_ncq_proto_gtp, uint32, "Mobile National Code"
gtpv2, GPRS Tunneling Protocol version 2, seq, seqq_proto_gtpv2, uint32, "Packet sequence number."
gtpv2, GPRS Tunneling Protocol version 2, teid, teidq_proto_gtpv2, uint32, "Transaction ID, available in version 1."
gtpv2, GPRS Tunneling Protocol version 2, imsi_cc, imsi_ccq_proto_gtpv2, uint32, "Mobile Country Code"
gtpv2, GPRS Tunneling Protocol version 2, imsi_nc, imsi_ncq_proto_gtpv2, uint32, "Mobile National Code"
gtpv2, GPRS Tunneling Protocol version 2, ms_address, ms_addressq_proto_gtpv2, string, "IPv4 address assigned to the mobile station."
gtpv2, GPRS Tunneling Protocol version 2, reply_cause_code, reply_cause_codeq_proto_gtpv2, uint32, "Return code following a create context request"
gtpv2, GPRS Tunneling Protocol version 2, start_time, start_timeq_proto_gtpv2, string, "Start date of the call"
gtpv2, GPRS Tunneling Protocol version 2, stop_time, stop_timeq_proto_gtpv2, string, "End date of the call"
gtpv2, GPRS Tunneling Protocol version 2, session_duration, session_durationq_proto_gtpv2, string, "Call duration - not extracted"
gtpv2, GPRS Tunneling Protocol version 2, create_ctxt_delay, create_ctxt_delayq_proto_gtpv2, string, "Time for PDP context creation"
gtpv2, GPRS Tunneling Protocol version 2, s1u_enodeb_gtpu_teid, s1u_enodeb_gtpu_teidq_proto_gtpv2, uint32, "S1-U eNodeB GTP-U interface TEID"
gtpv2, GPRS Tunneling Protocol version 2, s1u_sgw_gtpu_teid, s1u_sgw_gtpu_teidq_proto_gtpv2, uint32, "S1-U SGW GTP-U interface TEID"
gtpv2, GPRS Tunneling Protocol version 2, s5_s8_sgw_gtpu_teid, s5_s8_sgw_gtpu_teidq_proto_gtpv2, uint32, "S5/S8 SGW GTP-U interface TEID"
gtpv2, GPRS Tunneling Protocol version 2, s5_s8_pgw_gtpu_teid, s5_s8_pgw_gtpu_teidq_proto_gtpv2, uint32, "S5/S8 PGW GTP-U interface TEID"
gtpv2, GPRS Tunneling Protocol version 2, s5_s8_sgw_gtpc_teid, s5_s8_sgw_gtpc_teidq_proto_gtpv2, uint32, "S5/S8 SGW GTP-C interface TEID"
gtpv2, GPRS Tunneling Protocol version 2, s5_s8_pgw_gtpc_teid, s5_s8_pgw_gtpc_teidq_proto_gtpv2, uint32, "S5/S8 PGW GTP-C interface TEID"
gtpv2, GPRS Tunneling Protocol version 2, s11_mme_gtpc_teid, s11_mme_gtpc_teidq_proto_gtpv2, uint32, "S11 MME GTP-C interface TEID"
gtpv2, GPRS Tunneling Protocol version 2, s11_s4_sgw_gtpc_teid, s11_s4_sgw_gtpc_teidq_proto_gtpv2, uint32, "S11/S4 SGW GTP-C interface TEID"
gtpv2, GPRS Tunneling Protocol version 2, s10_mme_gtpc_teid, s10_mme_gtpc_teidq_proto_gtpv2, uint32, "S10 MME GTP-C interface TEID"
gtpv2, GPRS Tunneling Protocol version 2, s3_mme_gtpc_teid, s3_mme_gtpc_teidq_proto_gtpv2, uint32, "S3 MME GTP-C interface TEID"
gtpv2, GPRS Tunneling Protocol version 2, s3_sgsn_gtpc_teid, s3_sgsn_gtpc_teidq_proto_gtpv2, uint32, "S3 SGSN GTP-C interface TEID"
gtpv2, GPRS Tunneling Protocol version 2, s4_sgw_gtpu_teid, s4_sgw_gtpu_teidq_proto_gtpv2, uint32, "S4 SGW GTP-U interface TEID"
gtpv2, GPRS Tunneling Protocol version 2, s4_sgsn_gtpu_teid, s4_sgsn_gtpu_teidq_proto_gtpv2, uint32, "S4 SGSN GTP-U interface TEID"
gtpv2, GPRS Tunneling Protocol version 2, s4_sgsn_gtpc_teid, s4_sgsn_gtpc_teidq_proto_gtpv2, uint32, "S4 SGSN GTP-C interface TEID"
gtpv2, GPRS Tunneling Protocol version 2, s12_rnc_gtpu_teid, s12_rnc_gtpu_teidq_proto_gtpv2, uint32, "S12 RNC GTP-U interface TEID"
gtpv2, GPRS Tunneling Protocol version 2, s12_sgw_gtpu_teid, s12_sgw_gtpu_teidq_proto_gtpv2, uint32, "SGW RNC GTP-U interface TEID"
gtpv2, GPRS Tunneling Protocol version 2, s1u_enodeb_gtpu_address, s1u_enodeb_gtpu_addressq_proto_gtpv2, string, "S1-U eNodeB GTP-U interface IP address"
gtpv2, GPRS Tunneling Protocol version 2, s1u_sgw_gtpu_address, s1u_sgw_gtpu_addressq_proto_gtpv2, string, "S1-U SGW GTP-U interface IP address"
gtpv2, GPRS Tunneling Protocol version 2, s5_s8_sgw_gtpu_address, s5_s8_sgw_gtpu_addressq_proto_gtpv2, string, "S5/S8 SGW GTP-U interface IP address"
gtpv2, GPRS Tunneling Protocol version 2, s5_s8_pgw_gtpu_address, s5_s8_pgw_gtpu_addressq_proto_gtpv2, string, "S5/S8 PGW GTP-U interface IP address"
gtpv2, GPRS Tunneling Protocol version 2, s5_s8_sgw_gtpc_address, s5_s8_sgw_gtpc_addressq_proto_gtpv2, string, "S5/S8 SGW GTP-C interface IP address"
gtpv2, GPRS Tunneling Protocol version 2, s5_s8_pgw_gtpc_address, s5_s8_pgw_gtpc_addressq_proto_gtpv2, string, "S5/S8 PGW GTP-C interface IP address"
gtpv2, GPRS Tunneling Protocol version 2, s11_mme_gtpc_address, s11_mme_gtpc_addressq_proto_gtpv2, string, "S11 MME GTP-C interface IP address"
gtpv2, GPRS Tunneling Protocol version 2, s11_s4_sgw_gtpc_address, s11_s4_sgw_gtpc_addressq_proto_gtpv2, string, "S11/S4 SGW GTP-C interface IP address"
gtpv2, GPRS Tunneling Protocol version 2, s10_mme_gtpc_address, s10_mme_gtpc_addressq_proto_gtpv2, string, "S10 MME GTP-C interface IP address"
gtpv2, GPRS Tunneling Protocol version 2, s3_mme_gtpc_address, s3_mme_gtpc_addressq_proto_gtpv2, string, "S3 MME GTP-C interface IP address"
gtpv2, GPRS Tunneling Protocol version 2, s3_sgsn_gtpc_address, s3_sgsn_gtpc_addressq_proto_gtpv2, string, "S3 SGSN GTP-C interface IP address"
gtpv2, GPRS Tunneling Protocol version 2, s4_sgw_gtpu_address, s4_sgw_gtpu_addressq_proto_gtpv2, string, "S4 SGW GTP-U interface IP address"
gtpv2, GPRS Tunneling Protocol version 2, s4_sgsn_gtpu_address, s4_sgsn_gtpu_addressq_proto_gtpv2, string, "S4 SGSN GTP-U interface IP address"
gtpv2, GPRS Tunneling Protocol version 2, s4_sgsn_gtpc_address, s4_sgsn_gtpc_addressq_proto_gtpv2, string, "S4 SGSN GTP-C interface IP address"
gtpv2, GPRS Tunneling Protocol version 2, s12_rnc_gtpu_address, s12_rnc_gtpu_addressq_proto_gtpv2, string, "S12 RNC GTP-U interface IP address"
gtpv2, GPRS Tunneling Protocol version 2, s12_sgw_gtpu_address, s12_sgw_gtpu_addressq_proto_gtpv2, string, "SGW RNC GTP-U interface IP address"
h225, H225, call_setup, call_setupq_proto_h225, string, "Call setup delay."
h225, H225, call_duration, call_durationq_proto_h225, string, "Call duration."
h225, H225, session_duration, session_durationq_proto_h225, string, "Call setup duration."
h225, H225, start_time, start_timeq_proto_h225, string, "Start date of the call."
h225, H225, time_before_spk, time_before_spkq_proto_h225, string, "Waiting delay before speak"
h225, H225, h245_addr, h245_addrq_proto_h225, string, "Address used by h245 session."
h225, H225, media_control_channel_addr, media_control_channel_addrq_proto_h225, string, "Address used for a rtcp channel."
h225, H225, media_channel_addr, media_channel_addrq_proto_h225, string, "Address used for a rtp channel."
h245, H245, media_control_channel_addr, media_control_channel_addrq_proto_h245, string, "Address used for a rtcp channel."
h245, H245, media_channel_addr, media_channel_addrq_proto_h245, string, "Address used for a rtp channel."
h248_binary, h248 Protocol (Megaco) in binary mode, context_id, context_idq_proto_h248_binary, uint32, "The context ID identifies the context. It is assigned by the Media Gateway. It can be an integer, -"
h248_binary, h248 Protocol (Megaco) in binary mode, from_ip, from_ipq_proto_h248_binary, string, "Source IPv4 address"
h248_binary, h248 Protocol (Megaco) in binary mode, to_ip, to_ipq_proto_h248_binary, string, "Destination IPv4 address"
h248_binary, h248 Protocol (Megaco) in binary mode, response_code, response_codeq_proto_h248_binary, uint32, "Return code, extracted from the reply"
h248_text, h248 Protocol (Megaco) in text mode, from_ip, from_ipq_proto_h248_text, string, "Source IPv4 address"
h248_text, h248 Protocol (Megaco) in text mode, to_ip, to_ipq_proto_h248_text, string, "Destination IPv4 address"
h248_text, h248 Protocol (Megaco) in text mode, response_code, response_codeq_proto_h248_text, uint32, "Return code, extracted from the reply"
hi5, Hi5.com, is_mobile_service, is_mobile_serviceq_proto_hi5, uint32, "Whether or not the access was made through a mobile device."
high_entropy, High Entropy, entropy, entropyq_proto_high_entropy, uint32, "Computed entropy value."
hsrp, Hot Standby Router Protocol, virtual_addr, virtual_addrq_proto_hsrp, string, "Virtual IP address used by the group."
http, HyperText Transfer Protocol, host_start_offset, host_start_offsetq_proto_http, uint32, "Offset to the first Host HTTP header value byte in the TCP stream. The Host start is located in the current packet (the offset value is positive)."
http, HyperText Transfer Protocol, uri_start_offset, uri_start_offsetq_proto_http, uint32, "Offset to the first URI byte in the TCP stream. The URI start is located in the current packet (the offset value is positive)."
http, HyperText Transfer Protocol, user_agent_start_offset, user_agent_start_offsetq_proto_http, uint32, "Offset to the first User-agent byte in the TCP stream. The User-agent start is located in the current packet (the offset value is positive)."
http, HyperText Transfer Protocol, forward_addr, forward_addrq_proto_http, string, "IPv4 DNS address to which the client is redirected. This is the http header X-Forwarded-for."
http, HyperText Transfer Protocol, forward_redline, forward_redlineq_proto_http, string, "IPv4 address found in the x-forward-redline"
http, HyperText Transfer Protocol, rtt, rttq_proto_http, string, "Server response time, calculated between the HTTP Request, and the client acknowledgement of the first non-empty HTTP Response packet."
http, HyperText Transfer Protocol, code, codeq_proto_http, uint32, "Return code sent by the server."
http, HyperText Transfer Protocol, content_len, content_lenq_proto_http, uint64, "Contains the content length of the HTTP request/response."
http, HyperText Transfer Protocol, header_end_offset, header_end_offsetq_proto_http, uint32, "Offset to the first byte after the last HTTP Header-line (\r\n included). This is an offset to the '\r' character of the second carriage return."
http, HyperText Transfer Protocol, index, indexq_proto_http, uint32, "Identifier of the request and response in a HTTP flow."
http, HyperText Transfer Protocol, response_ts, response_tsq_proto_http, string, "Timestamp of the first packet of a HTTP response."
http, HyperText Transfer Protocol, request_ts, request_tsq_proto_http, string, "Timestamp of the first packet of a HTTP query."
http, HyperText Transfer Protocol, request_size, request_sizeq_proto_http, uint64, "Contains the total length in bytes of the request or the response (including HTTP headers). This attribute is computed at the end of the request or response."
http, HyperText Transfer Protocol, dechunk_size, dechunk_sizeq_proto_http, uint32, "Contains length of dechunked data."
http, HyperText Transfer Protocol, chunk_size, chunk_sizeq_proto_http, uint32, "Contains length of chunked data."
http, HyperText Transfer Protocol, decompress_size, decompress_sizeq_proto_http, uint32, "Contains length of decompressed data."
http, HyperText Transfer Protocol, image_width, image_widthq_proto_http, uint32, "Width of the video in pixels."
http, HyperText Transfer Protocol, image_height, image_heightq_proto_http, uint32, "Height of the video in pixels."
http, HyperText Transfer Protocol, video_duration, video_durationq_proto_http, uint32, "Duration of the video in seconds."
http, HyperText Transfer Protocol, video_width, video_widthq_proto_http, uint32, "Width of the video in pixels."
http, HyperText Transfer Protocol, video_height, video_heightq_proto_http, uint32, "Height of the video in pixels."
http, HyperText Transfer Protocol, video_datarate, video_datarateq_proto_http, uint32, "Video bitrate in kilobits per second."
http, HyperText Transfer Protocol, video_avgdatarate, video_avgdatarateq_proto_http, uint32, "Average video bitrate in kilobits per second."
http, HyperText Transfer Protocol, audio_datarate, audio_datarateq_proto_http, uint32, "Audio bitrate in kilobits per second."
http, HyperText Transfer Protocol, video_framerate, video_framerateq_proto_http, uint32, "Number of frames per second."
http, HyperText Transfer Protocol, start_time, start_timeq_proto_http, uint32, "Start date of the call."
http, HyperText Transfer Protocol, total_datarate, total_datarateq_proto_http, uint32, "Sum of video and audio datarates."
iax, Inter Asterisk eXchange, trunk_timestamp, trunk_timestampq_proto_iax, uint32, "Timestamp (in ms) after the start of this call, indicating the time at which this trunk packet was transmitted."
iax, Inter Asterisk eXchange, trunk_call_data_offset, trunk_call_data_offsetq_proto_iax, uint32, "Trunk call data offset in bytes in the UDP Stream."
icap, Internet Content Adaptation Protocol, code_respmod_req, code_respmod_reqq_proto_icap, uint32, "The HTTP code embedded in the ICAP RESPMOD request (see http)."
icmp, Internet Control Message Protocol, rtt, rttq_proto_icmp, string, "Response time of a ping command."
icmp6, Internet Control Message Protocol for IP6, rtt, rttq_proto_icmp6, string, "Response time of a ping command."
icmp6, Internet Control Message Protocol for IP6, link_layer_addr_type, link_layer_addr_typeq_proto_icmp6, uint32, "Type of link-layer address (source or target)."
icmp6, Internet Control Message Protocol for IP6, link_layer_mac_addr, link_layer_mac_addrq_proto_icmp6, string, "Link-layer address in MAC format (if applicable)."
icmp6, Internet Control Message Protocol for IP6, link_layer_eui64_addr, link_layer_eui64_addrq_proto_icmp6, uint64, "Link-layer address in EUI64 format (if applicable)."
ident, Identification Protocol, server_port, server_portq_proto_ident, uint32, "TCP server's port"
ident, Identification Protocol, client_port, client_portq_proto_ident, uint32, "TCP client's port"
igmp, Internet Group Management Protocol, version, versionq_proto_igmp, uint32, "Protocol version."
igmp, Internet Group Management Protocol, address, addressq_proto_igmp, string, "Multicast address."
igmp, Internet Group Management Protocol, record_maddress, record_maddressq_proto_igmp, string, "The multicast address in this record"
imap, Internet Message Access Protocol version 4, uid, uidq_proto_imap, uint32, "Generic user ID."
imap, Internet Message Access Protocol version 4, attach_size, attach_sizeq_proto_imap, uint32, "Attached file MIME size."
imap, Internet Message Access Protocol version 4, received_from_ip, received_from_ipq_proto_imap, string, "Contains the IP address of the sending host name"
imap, Internet Message Access Protocol version 4, received_by_ip, received_by_ipq_proto_imap, string, "Contains the IP address of the receiving host name"
imp, Internet Messaging Program, attach_size, attach_sizeq_proto_imp, uint32, "Attached file MIME size."
ip, Internet Protocol, fragment_buffered_count, fragment_buffered_countq_proto_ip, uint32, "Number of segments that have been buffered for defragmentation"
ip, Internet Protocol, fragment_buffered_size, fragment_buffered_sizeq_proto_ip, uint32, "Sizes sum of segments that have been buffered for defragmentation"
ipcp, Internet Protocol Control Protocol, ip_addr, ip_addrq_proto_ipcp, string, "IP address attributed."
ipcp, Internet Protocol Control Protocol, mobile_ip_addr, mobile_ip_addrq_proto_ipcp, string, "Mobile IP"
ipcp, Internet Protocol Control Protocol, dns_ip_addr, dns_ip_addrq_proto_ipcp, string, "IP address of the primary DNS server."
ipcp, Internet Protocol Control Protocol, win_ip_addr, win_ip_addrq_proto_ipcp, string, "IP address of the primary WINS server."
ipcp, Internet Protocol Control Protocol, second_dns_ip_addr, second_dns_ip_addrq_proto_ipcp, string, "IP Address of the secondary DNS server."
ipcp, Internet Protocol Control Protocol, second_win_ip_addr, second_win_ip_addrq_proto_ipcp, string, "IP address of the secondary WINS server."
ipx, Internet Protocol eXchange, dst_net, dst_netq_proto_ipx, uint32, "Destination network address."
ipx, Internet Protocol eXchange, src_net, src_netq_proto_ipx, uint32, "Source network address."
irc, Internet Relay Chat, filesize, filesizeq_proto_irc, uint32, "Size (byte) of the transferred file."
isakmp, Internet Security Association and Key Management Protocol, life_duration, life_durationq_proto_isakmp, uint32, "Life time of connection parameters."
isl, InterSwitch Link, dst_addr, dst_addrq_proto_isl, string, "Destination MAC Address."
isl, InterSwitch Link, src_addr, src_addrq_proto_isl, string, "Source MAC Address."
isup, ISDN User Part, message_ts, message_tsq_proto_isup, string, "Timestamp of ISUP message"
isup, ISDN User Part, orig_point_code, orig_point_codeq_proto_isup, uint32, "Originating Point Code"
isup, ISDN User Part, dest_point_code, dest_point_codeq_proto_isup, uint32, "Destination Point Code"
isup, ISDN User Part, start_time, start_timeq_proto_isup, string, "Start date of the call"
isup, ISDN User Part, session_duration, session_durationq_proto_isup, string, "Call session duration (elapsed time between the sending of SETUP command and the end of the communication)"
isup, ISDN User Part, time_before_spk, time_before_spkq_proto_isup, string, "Waiting delay before speak"
isup, ISDN User Part, call_setup, call_setupq_proto_isup, string, "Call setup delay."
isup, ISDN User Part, call_duration, call_durationq_proto_isup, string, "Call duration"
isup, ISDN User Part, call_id, call_idq_proto_isup, uint64, "Internal unique call identifier"
jabber, XMPP Protocol (Jabber), filesize, filesizeq_proto_jabber, uint32, "Size (byte) of the transferred file."
jabber, XMPP Protocol (Jabber), start_time, start_timeq_proto_jabber, string, "Start date of the call."
jabber, XMPP Protocol (Jabber), call_duration, call_durationq_proto_jabber, string, "Call duration."
jabber, XMPP Protocol (Jabber), caller_addr, caller_addrq_proto_jabber, string, "Address which could be used by the initiator of the call."
jabber, XMPP Protocol (Jabber), callee_addr, callee_addrq_proto_jabber, string, "Address which could be used by the called party."
jabber, XMPP Protocol (Jabber), file_chunk_len, file_chunk_lenq_proto_jabber, uint32, "Size of the transferred piece."
jabber, XMPP Protocol (Jabber), file_chunk_number, file_chunk_numberq_proto_jabber, uint32, "Number of the transferred piece."
kakaotalk, KakaoTalk, login, loginq_proto_kakaotalk, uint64, "User's login string."
krb5, Kerberos, enc_data_type, enc_data_typeq_proto_krb5, uint32, "Indicate type of Encrypted data (hash) sent in the AS-RQ message."
krb5, Kerberos, pa_data_type, pa_data_typeq_proto_krb5, uint32, "PA-DATA type."
krb5, Kerberos, ticket_name_type, ticket_name_typeq_proto_krb5, uint32, "Ticket name-type."
krb5, Kerberos, err_cname_type, err_cname_typeq_proto_krb5, uint32, "KRB-ERROR cname type."
krb5, Kerberos, err_sname_type, err_sname_typeq_proto_krb5, uint32, "KRB-ERROR message server sname type."
ldap, Lighweight Directory Access Protocol, message_id, message_idq_proto_ldap, uint32, "Message identification."
ldap, Lighweight Directory Access Protocol, payload_is_crypted, payload_is_cryptedq_proto_ldap, uint32, "Indicates whether the LDAP payload is encrypted."
ldap, Lighweight Directory Access Protocol, contains_sasl, contains_saslq_proto_ldap, uint32, "Indicates whether the authentication is done using SASL mechanism."
ldap, Lighweight Directory Access Protocol, number, numberq_proto_ldap, uint32, "Item number of the LDAP element."
ldap, Lighweight Directory Access Protocol, level, levelq_proto_ldap, uint32, "Depth level in ldap tree."
ldap, Lighweight Directory Access Protocol, krb5_message_type, krb5_message_typeq_proto_ldap, uint32, "Message type."
ldap, Lighweight Directory Access Protocol, krb5_enc_data_type, krb5_enc_data_typeq_proto_ldap, uint32, "Indicate type of Encrypted data (hash) sent in the AS-RQ message."
ldap, Lighweight Directory Access Protocol, krb5_pa_data_type, krb5_pa_data_typeq_proto_ldap, uint32, "PA-DATA type."
ldap, Lighweight Directory Access Protocol, krb5_ticket_name_type, krb5_ticket_name_typeq_proto_ldap, uint32, "Ticket name-type."
ldap, Lighweight Directory Access Protocol, krb5_err_cname_type, krb5_err_cname_typeq_proto_ldap, uint32, "KRB-ERROR cname type."
ldap, Lighweight Directory Access Protocol, krb5_err_sname_type, krb5_err_sname_typeq_proto_ldap, uint32, "KRB-ERROR message server sname type."
line, Line, service_id, service_idq_proto_line, uint32, "Composite 32-bit integer value defining the service currently used. The first byte (LSB) gives the generic service definition, the second byte gives an advanced service definition for specific cases (example: File Transfer)."
line, Line, service_duration, service_durationq_proto_line, uint32, "4 bytes integer value indicating, when the service is ended, the length of it in seconds."
line, Line, service_duration_tv, service_duration_tvq_proto_line, string, "timeval structure indicating, when the service is ended, the length of it in seconds and microseconds."
line, Line, caller_addr, caller_addrq_proto_line, string, "Address which could be used by the initiator of the call."
line, Line, call_byte_count, call_byte_countq_proto_line, uint32, "(Deprecated) The count of bytes that were exchanged during the call."
line, Line, call_pkt_count, call_pkt_countq_proto_line, uint32, "(Deprecated) The count of data packets that were exchanged during the call."
line, Line, call_duration, call_durationq_proto_line, uint32, "Call duration."
live_hotmail, Windows Live Hotmail, attach_size, attach_sizeq_proto_live_hotmail, uint32, "Attached file MIME size."
live_hotmail, Windows Live Hotmail, draft, draftq_proto_live_hotmail, uint32, "Indicates if the email is a draft or has really been posted"
lotusnotes, Lotus Notes, attach_size, attach_sizeq_proto_lotusnotes, uint32, "Attached file MIME size."
lotusnotes, Lotus Notes, attach_content_seq, attach_content_seqq_proto_lotusnotes, uint32, "Sequence number of a attach file part."
lotusnotes, Lotus Notes, attach_content_size, attach_content_sizeq_proto_lotusnotes, uint32, "Size of a attach file part."
lync, Microsoft Lync, service_id, service_idq_proto_lync, uint32, "Composite 32-bit integer value defining the service currently used. The first byte (LSB) gives the generic service definition, the second byte gives an advanced service definition for specific cases (example: File Transfer)."
mailru, Mail.ru Webmail, attach_size, attach_sizeq_proto_mailru, uint32, "Attached file MIME size."
mailru, Mail.ru Webmail, msglist_attach, msglist_attachq_proto_mailru, uint32, "Indicates if the message contains an attachment."
mailru, Mail.ru Webmail, msglist_importance, msglist_importanceq_proto_mailru, uint32, "Indicates if the message has been marked by the user."
mailru, Mail.ru Webmail, msglist_unread, msglist_unreadq_proto_mailru, uint32, "Indicates if the message has been read."
mailru, Mail.ru Webmail, draft, draftq_proto_mailru, uint32, "Indicates if the email is a draft or has really been posted"
mailru, Mail.ru Webmail, importance, importanceq_proto_mailru, uint32, "Indicates if the email has been marked by the user."
maktoob, Maktoob mail, attach_size, attach_sizeq_proto_maktoob, uint32, "Attached file MIME size."
maktoob, Maktoob mail, draft, draftq_proto_maktoob, uint32, "Indicates if the email is a draft or has really been posted"
mapi, MS Exchange Message API, importance, importanceq_proto_mapi, uint32, "Indicates if the email has been marked by the user."
mapi, MS Exchange Message API, sensivity, sensivityq_proto_mapi, uint32, "Message sensibility."
mapi, MS Exchange Message API, date, dateq_proto_mapi, uint64, "Message date: number of 100-nanosecond intervals since January 1, 1601."
mapi, MS Exchange Message API, size, sizeq_proto_mapi, uint32, "Message size."
mapi, MS Exchange Message API, flags, flagsq_proto_mapi, uint32, "Message flags."
mapi, MS Exchange Message API, attach_id, attach_idq_proto_mapi, uint32, "Attachment identifier."
mapi, MS Exchange Message API, msglist_date, msglist_dateq_proto_mapi, uint64, "Message date in a message list: number of 100-nanosecond intervals since January 1, 1601."
mapi, MS Exchange Message API, msglist_msgid, msglist_msgidq_proto_mapi, uint64, "Message identifier."
mapi, MS Exchange Message API, msglist_size, msglist_sizeq_proto_mapi, uint32, "Message size in a message list."
mapi, MS Exchange Message API, msglist_importance, msglist_importanceq_proto_mapi, uint32, "Indicates if the message has been marked by the user."
mapi, MS Exchange Message API, msglist_sensivity, msglist_sensivityq_proto_mapi, uint32, "Message sensibility in a message list."
mapi, MS Exchange Message API, msglist_flags, msglist_flagsq_proto_mapi, uint32, "Message flags in a message list."
mashare, Ma-Share.com, filesize, filesizeq_proto_mashare, uint32, "Size (byte) of the transferred file."
mgcp, Media Gateway Control Protocol, tid, tidq_proto_mgcp, uint32, "Transaction identifier"
mgcp, Media Gateway Control Protocol, code, codeq_proto_mgcp, uint32, "Return code of a query"
mgcp, Media Gateway Control Protocol, packets_sent, packets_sentq_proto_mgcp, uint32, "Number of RTP packets sent"
mgcp, Media Gateway Control Protocol, octets_sent, octets_sentq_proto_mgcp, uint32, "Number of RTP octets sent"
mgcp, Media Gateway Control Protocol, packets_received, packets_receivedq_proto_mgcp, uint32, "Number of RTP packets received"
mgcp, Media Gateway Control Protocol, octets_received, octets_receivedq_proto_mgcp, uint32, "Number of RTP octets received"
mgcp, Media Gateway Control Protocol, packets_lost, packets_lostq_proto_mgcp, uint32, "Number of lost RTP packets"
mgcp, Media Gateway Control Protocol, jitter, jitterq_proto_mgcp, uint32, "Observed Jitter for RTP packets"
mgcp, Media Gateway Control Protocol, latency, latencyq_proto_mgcp, uint32, "Observed latency for RTP packets"
mgcp, Media Gateway Control Protocol, call_duration, call_durationq_proto_mgcp, string, "Call duration."
mgcp, Media Gateway Control Protocol, session_duration, session_durationq_proto_mgcp, string, "Call setup duration."
mgcp, Media Gateway Control Protocol, start_time, start_timeq_proto_mgcp, string, "Start date of the call."
mgcp, Media Gateway Control Protocol, media_format, media_formatq_proto_mgcp, uint32, "Client's protocol formats available."
mgcp, Media Gateway Control Protocol, media_attr_type, media_attr_typeq_proto_mgcp, uint32, "Contains the media type (audio or video)."
mgcp, Media Gateway Control Protocol, media_attr_addr, media_attr_addrq_proto_mgcp, string, "The mentioned IPv4 address to be used."
mimp, IMP mobile version, attach_size, attach_sizeq_proto_mimp, uint32, "Attached file MIME size."
mmse, MultiMedia Messages Encapsulation, nb_receiver, nb_receiverq_proto_mmse, uint32, "Number of receiver for the same MMS."
mmse, MultiMedia Messages Encapsulation, response_status_code, response_status_codeq_proto_mmse, uint32, "It is used by the originating MMS Proxy-Relay to inform the MMS Client, which has performed a submission or a forward the result of that particular operation."
mmse, MultiMedia Messages Encapsulation, message_sz, message_szq_proto_mmse, uint32, "Full size of message in octets."
mount, Mount, flavor, flavorq_proto_mount, uint32, "Authentification supported by the server"
mount, Mount, flavors, flavorsq_proto_mount, uint32, "Number of authentification flavors supported by the server"
mount, Mount, length_fhandle, length_fhandleq_proto_mount, uint32, "Length of the file handle"
mount, Mount, status, statusq_proto_mount, uint32, "Information status on the request process."
mount, Mount, path_length, path_lengthq_proto_mount, uint32, "Length of the data path string."
mpegts, MPEG-Transport Stream, chunk_len, chunk_lenq_proto_mpegts, uint32, "Data length."
mplus_messenger, M+ Messenger, service_id, service_idq_proto_mplus_messenger, uint32, "Composite 32-bit integer value defining the service currently used. The first byte (LSB) gives the generic service definition, the second byte gives an advanced service definition for specific cases (example: File Transfer)."
netlog, Netlog.com, is_mobile_service, is_mobile_serviceq_proto_netlog, uint32, "Whether or not the access was made through a mobile device."
nfs, Network File System, offset, offsetq_proto_nfs, uint64, "Offset of the written/read file. Extracted on READ and WRITE procedure replies."
nfs, Network File System, filesize, filesizeq_proto_nfs, uint64, "Size of the file."
nfs, Network File System, uid, uidq_proto_nfs, uint32, "Generic user ID."
nfs, Network File System, gid, gidq_proto_nfs, uint32, "Identifier of the file owner's group (see page 21 of RFC 1813)."
nfs, Network File System, mode, modeq_proto_nfs, uint32, "Protection mode bits (see page 22 of RFC 1813)."
ntp, Network Time Protocol, reference_clock, reference_clockq_proto_ntp, string, "Reference clock IP address."
openvpn, OpenVPN, seq, seqq_proto_openvpn, uint32, "Sequence number"
orangemail, Orange webmail, draft, draftq_proto_orangemail, uint32, "Indicates if the email is a draft or has really been posted"
orangemail, Orange webmail, attach_size, attach_sizeq_proto_orangemail, uint32, "Attached file MIME size."
ospf, Open Shortest Path First, router_id, router_idq_proto_ospf, string, "Router Id."
ospf, Open Shortest Path First, area_id, area_idq_proto_ospf, string, "The Area ID of the area to which the attached network belongs."
ospf, Open Shortest Path First, netmask, netmaskq_proto_ospf, string, "The network mask associated with this interface."
ospf, Open Shortest Path First, dead_interval, dead_intervalq_proto_ospf, uint32, "The number of seconds before declaring a silent router down."
ospf, Open Shortest Path First, designed_router, designed_routerq_proto_ospf, string, "The identity of the Designated Router for this network, in the view of the sending router>."
ospf, Open Shortest Path First, backup_router, backup_routerq_proto_ospf, string, "The identity of the Backup Designated Router for this network, in the view of the sending router."
ospf, Open Shortest Path First, neighbor, neighborq_proto_ospf, string, "The Router IDs of each router from whom valid Hello packets have been seen recently on the network."
ospf, Open Shortest Path First, ls_type, ls_typeq_proto_ospf, uint32, "The type of the LSA."
ospf, Open Shortest Path First, ls_id, ls_idq_proto_ospf, string, "This field identifies the portion of the internet environment that is being described by the LSA."
ospf, Open Shortest Path First, ls_adv_router, ls_adv_routerq_proto_ospf, string, "The Router ID of the router that originated the LSA."
ospf, Open Shortest Path First, ls_seq_number, ls_seq_numberq_proto_ospf, uint32, "Detects old or duplicate LSAs."
ospf, Open Shortest Path First, ls_netmask, ls_netmaskq_proto_ospf, string, "The IP address mask for the network."
ospf, Open Shortest Path First, ls_metric, ls_metricq_proto_ospf, uint32, "The cost of this route."
ospf, Open Shortest Path First, ls_attach_router, ls_attach_routerq_proto_ospf, string, "The Router IDs of each of the routers attached to the network."
ospf, Open Shortest Path First, link_id, link_idq_proto_ospf, string, "Identifies the object that this router link connects to."
ospf, Open Shortest Path First, link_data, link_dataq_proto_ospf, string, "For connections to stub networks, Link Data specifies the network's IP address mask. For unnumbered point-to-point connections, it specifies the interface's MIB-II [Ref8] ifIndex value. For the other link types it specifies the router interface's IP address."
ospf, Open Shortest Path First, dd_seq_nbr, dd_seq_nbrq_proto_ospf, uint32, "Used to sequence the collection of Database Description Packets."
ospf, Open Shortest Path First, external_fwd_addr, external_fwd_addrq_proto_ospf, string, "Data traffic for the advertised destination will be forwarded to this address."
ospf, Open Shortest Path First, external_route_tag, external_route_tagq_proto_ospf, uint32, "A 32-bit field attached to each external route."
owa, Outlook Web App, draft, draftq_proto_owa, uint32, "Indicates if the email is a draft or has really been posted"
owa, Outlook Web App, attach_size, attach_sizeq_proto_owa, uint32, "Attached file MIME size."
paltalk, PalTalk, uid, uidq_proto_paltalk, uint32, "Generic user ID."
paltalk, PalTalk, contact_uid, contact_uidq_proto_paltalk, uint32, "Contact ID."
paltalk, PalTalk, sender_uid, sender_uidq_proto_paltalk, uint32, "Message sender's unique identifier."
paltalk, PalTalk, receiver_uid, receiver_uidq_proto_paltalk, uint32, "Message receiver's unique identifier."
paltalk, PalTalk, start_time, start_timeq_proto_paltalk, string, "Start date of the call."
paltalk, PalTalk, caller_uid, caller_uidq_proto_paltalk, uint32, "Caller's unique identifier."
paltalk, PalTalk, callee_uid, callee_uidq_proto_paltalk, uint32, "Callee's unique identifier."
paltalk, PalTalk, call_duration, call_durationq_proto_paltalk, string, "Call duration."
paltalk, PalTalk, caller_addr, caller_addrq_proto_paltalk, string, "Address which could be used by the initiator of the call."
paltalk, PalTalk, callee_addr, callee_addrq_proto_paltalk, string, "Address which could be used by the called party."
paltalk_transfer, PalTalk Transfer Protocol, sender_uid, sender_uidq_proto_paltalk_transfer, uint32, "File sender's UID"
paltalk_transfer, PalTalk Transfer Protocol, receiver_uid, receiver_uidq_proto_paltalk_transfer, uint32, "File receiver's UID"
paltalk_transfer, PalTalk Transfer Protocol, filesize, filesizeq_proto_paltalk_transfer, uint32, "Size (byte) of the transferred file."
perforce, Perforce Protocol, parameter_size, parameter_sizeq_proto_perforce, uint32, "Size in bytes of the parameter value."
perfspot, Perfspot.com, is_mobile_service, is_mobile_serviceq_proto_perfspot, uint32, "Whether or not the access was made through a mobile device."
pop3, Post Office Protocol (Version 3), received_from_ip, received_from_ipq_proto_pop3, string, "Contains the IP address of the sending host name"
pop3, Post Office Protocol (Version 3), received_by_ip, received_by_ipq_proto_pop3, string, "Contains the IP address of the receiving host name"
q931, Q.931, call_duration, call_durationq_proto_q931, string, "Call duration."
q931, Q.931, setup_delay, setup_delayq_proto_q931, string, "Call setup delay"
q931, Q.931, session_duration, session_durationq_proto_q931, string, "Call setup duration."
qq, QQ, msg_type, msg_typeq_proto_qq, uint32, "QQ command name."
qq, QQ, msg_code, msg_codeq_proto_qq, uint32, "(deprecated) QQ command number."
qq, QQ, call_duration, call_durationq_proto_qq, string, "Call duration."
qq_transfer, QQ File Transfer, filesize, filesizeq_proto_qq_transfer, uint32, "Size (byte) of the transferred file."
qvod, QVOD Player, peer_ip, peer_ipq_proto_qvod, string, "IPv4 address of the QVOD peer."
radius, Remote Authentication Dial-In User Service, framed_ip, framed_ipq_proto_radius, string, "Framed-IP-Address (an attribute defined in RFC2865)."
radius, Remote Authentication Dial-In User Service, framed_ip_netmask, framed_ip_netmaskq_proto_radius, string, "Framed-IP-Netmask (an attribute defined in RFC2865)."
radius, Remote Authentication Dial-In User Service, nas_ip, nas_ipq_proto_radius, string, "IP address of the NAS originating the Access-Request"
radius, Remote Authentication Dial-In User Service, nas_port, nas_portq_proto_radius, uint32, "Physical port number of the user on the NAS"
radius, Remote Authentication Dial-In User Service, nas_port_type, nas_port_typeq_proto_radius, uint32, "Indicates the type of physical port the network access server (NAS) is using to authenticate the user."
radius, Remote Authentication Dial-In User Service, terminate_cause, terminate_causeq_proto_radius, uint32, "This attribute indicates how the session was terminated"
radius, Remote Authentication Dial-In User Service, acct_output_octets, acct_output_octetsq_proto_radius, uint32, "Indicates how many octets have been sent to the port in the course of delivering this service"
radius, Remote Authentication Dial-In User Service, acct_input_octets, acct_input_octetsq_proto_radius, uint32, "Indicates how many octets have been received from the port over the course of this service being provided"
radius, Remote Authentication Dial-In User Service, session_timeout, session_timeoutq_proto_radius, uint32, "The maximum number of seconds of service to be provided to the user before termination of the session or prompt."
radius, Remote Authentication Dial-In User Service, idle_timeout, idle_timeoutq_proto_radius, uint32, "The maximum number of consecutive seconds of idle connection allowed to the user before termination of the session or prompt."
radius, Remote Authentication Dial-In User Service, start_time, start_timeq_proto_radius, string, "Indicates the beginning of the user service."
radius, Remote Authentication Dial-In User Service, stop_time, stop_timeq_proto_radius, string, "Indicates the end of the user service."
radius, Remote Authentication Dial-In User Service, avp_ipv4, avp_ipv4q_proto_radius, string, "An IPv4 address. (CLEP_DATA_IP_ADDR)"
radius, Remote Authentication Dial-In User Service, avp_int, avp_intq_proto_radius, uint32, "An 8, 24 or 32 bits integer value. (CLEP_DATA_UINT32)"
radius, Remote Authentication Dial-In User Service, avp_int64, avp_int64q_proto_radius, uint64, "A 64 bits integer value. (CLEP_DATA_UINT64)"
radius, Remote Authentication Dial-In User Service, avp_vendor_id, avp_vendor_idq_proto_radius, uint32, "SMI Network Management Private Enterprise Code. (CLEP_DATA_UINT32)"
radius, Remote Authentication Dial-In User Service, avp_interface_id, avp_interface_idq_proto_radius, uint64, "IPv6 interface identifier. (CLEP_DATA_UINT64)"
radius, Remote Authentication Dial-In User Service, 3gpp_sgsn_address, _3gpp_sgsn_addressq_proto_radius, string, "IP address of the SGSN"
radius, Remote Authentication Dial-In User Service, 3gpp_sgsn_mcc_mnc, _3gpp_sgsn_mcc_mncq_proto_radius, uint32, "MCC and MNC of the SGSN"
rambler_webmail, Rambler webmail, draft, draftq_proto_rambler_webmail, uint32, "Indicates if the email is a draft or has really been posted"
rambler_webmail, Rambler webmail, msglist_attach, msglist_attachq_proto_rambler_webmail, uint32, "Indicates if the message contains an attachment."
rambler_webmail, Rambler webmail, msglist_unread, msglist_unreadq_proto_rambler_webmail, uint32, "Indicates if the message has been read."
rambler_webmail, Rambler webmail, msglist_importance, msglist_importanceq_proto_rambler_webmail, uint32, "Indicates if the message has been marked by the user."
rambler_webmail, Rambler webmail, attach_size, attach_sizeq_proto_rambler_webmail, uint32, "Attached file MIME size."
rapidshare, RapidShare.com, filesize, filesizeq_proto_rapidshare, uint32, "Size (byte) of the transferred file."
rdp, Remote Desktop Protocol (Windows Terminal Server), client_build, client_buildq_proto_rdp, uint32, "RDP client build."
rdp, Remote Desktop Protocol (Windows Terminal Server), desktop_width, desktop_widthq_proto_rdp, uint32, "desktop width."
rdp, Remote Desktop Protocol (Windows Terminal Server), desktop_height, desktop_heightq_proto_rdp, uint32, "desktop height."
rdp, Remote Desktop Protocol (Windows Terminal Server), encrypted, encryptedq_proto_rdp, uint32, "Indicates if the traffic is encrypted with TLS or CresDDP."
rdp, Remote Desktop Protocol (Windows Terminal Server), io_channel_id, io_channel_idq_proto_rdp, uint32, "IO channel ID."
rdp, Remote Desktop Protocol (Windows Terminal Server), channel_id, channel_idq_proto_rdp, uint32, "Communication channel ID."
rdp, Remote Desktop Protocol (Windows Terminal Server), channel_disabled, channel_disabledq_proto_rdp, uint32, "Tells whether the channel is disabled."
rip2, Routing Information Protocol V2, ip_addr, ip_addrq_proto_rip2, string, "IP address of a router."
rip2, Routing Information Protocol V2, next_hope, next_hopeq_proto_rip2, string, "The immediate next hop IP address to which packets to the destination specified by this route entry should be forwarded."
rip2, Routing Information Protocol V2, netmask, netmaskq_proto_rip2, string, "The Subnet Mask field contains the subnet mask which is applied to the IP address to yield the non-host portion of the address."
rip2, Routing Information Protocol V2, metric, metricq_proto_rip2, uint32, "Total distance to a router."
rlogin, Remote Login, speed, speedq_proto_rlogin, uint32, "Connection speed."
rpc, Remote Procedure Call, program, programq_proto_rpc, uint32, "Program Identifier."
rpc, Remote Procedure Call, version, versionq_proto_rpc, uint32, "Version of the RPC protocol."
rpc, Remote Procedure Call, program_version, program_versionq_proto_rpc, uint32, "Version of the used program over RPC."
rpc, Remote Procedure Call, procedure, procedureq_proto_rpc, uint32, "Contains the request used by the application program (NFS, YelloPages, ...)."
rpc, Remote Procedure Call, state, stateq_proto_rpc, uint32, "Status of the command response."
rpc, Remote Procedure Call, xid, xidq_proto_rpc, uint32, "Identifier of the request or the reply."
rtcp, Real Time Control Protocol, ssrc, ssrcq_proto_rtcp, uint32, "Identity of the Synchronization source"
rtcp, Real Time Control Protocol, rr_pkt_sender_ssrc, rr_pkt_sender_ssrcq_proto_rtcp, uint32, "The synchronization source identifier for the originator of this Receiver Report packet."
rtcp, Real Time Control Protocol, rr_jitter, rr_jitterq_proto_rtcp, uint32, "Jitter value (in receiver report)."
rtcp, Real Time Control Protocol, rr_cumlost, rr_cumlostq_proto_rtcp, uint32, "Contains the cumulative number of lost packets (in receiver reports)."
rtcp, Real Time Control Protocol, rr_ssrc_id, rr_ssrc_idq_proto_rtcp, uint32, "Identity of the source that sent the receiver report."
rtcp, Real Time Control Protocol, rr_highestseqnum, rr_highestseqnumq_proto_rtcp, uint32, "highest sequence number received in an RTP data packet from source SSRC_n"
rtcp, Real Time Control Protocol, rr_lsr, rr_lsrq_proto_rtcp, uint32, "The middle 32 bits out of 64 in the NTP timestamp"
rtcp, Real Time Control Protocol, rr_dlsr, rr_dlsrq_proto_rtcp, uint32, "The delay between receiving the last RR packet from source n and sending reception report block."
rtcp, Real Time Control Protocol, sr_pkt_sender_ssrc, sr_pkt_sender_ssrcq_proto_rtcp, uint32, "The synchronization source identifier for the originator of this Sender Report packet."
rtcp, Real Time Control Protocol, sr_ntp_ts_msw, sr_ntp_ts_mswq_proto_rtcp, uint32, "NTP timestamp, most significant word"
rtcp, Real Time Control Protocol, sr_ntp_ts_lsw, sr_ntp_ts_lswq_proto_rtcp, uint32, "NTP timestamp, least significant word"
rtcp, Real Time Control Protocol, sr_rtp_ts, sr_rtp_tsq_proto_rtcp, uint32, "RTP timestamp"
rtcp, Real Time Control Protocol, sr_pkt_count, sr_pkt_countq_proto_rtcp, uint32, "The total number of RTP data packets transmitted by the sender"
rtcp, Real Time Control Protocol, sr_octet_count, sr_octet_countq_proto_rtcp, uint32, "The total number of payload octets transmitted in RTP"
rtcp, Real Time Control Protocol, sr_ssrc_id, sr_ssrc_idq_proto_rtcp, uint32, "The SSRC identifier of the source"
rtcp, Real Time Control Protocol, sr_cumlost, sr_cumlostq_proto_rtcp, uint32, ">Contains the cumulative number of lost packets (in sender reports)."
rtcp, Real Time Control Protocol, sr_highestseqnum, sr_highestseqnumq_proto_rtcp, uint32, "highest sequence number received in an RTP data packet from source SSRC_n"
rtcp, Real Time Control Protocol, sr_jitter, sr_jitterq_proto_rtcp, uint32, "Jitter value (in Sender report)."
rtcp, Real Time Control Protocol, sr_lsr, sr_lsrq_proto_rtcp, uint32, "The middle 32 bits out of 64 in the NTP timestamp"
rtcp, Real Time Control Protocol, sr_dlsr, sr_dlsrq_proto_rtcp, uint32, "The delay between receiving the last SR packet from source n and sending reception report block."
rtmp, Real Time Messaging Protocol, start_time, start_timeq_proto_rtmp, uint32, "The timestamp of the beginning of the streamed audio/video (in ms)."
rtmp, Real Time Messaging Protocol, stop_time, stop_timeq_proto_rtmp, uint32, "The timestamp of the end of the streamed audio/video (in ms)."
rtp, Real Time Protocol, unseq, unseqq_proto_rtp, uint32, "Contains the number of miss ordered packets (use sum)."
rtp, Real Time Protocol, mos, mosq_proto_rtp, uint32, "Standard voice quality indicator (Mean Opinion Score). This attribute is deprecated."
rtp, Real Time Protocol, ssrc, ssrcq_proto_rtp, uint32, "Identity of the Synchronization source"
rtp, Real Time Protocol, timestamp, timestampq_proto_rtp, uint32, "RTP packet timestamp."
rtp, Real Time Protocol, mos_session, mos_sessionq_proto_rtp, uint32, "Standard voice quality indicator, multiplied by 1000. The following codecs are supported: PCMU, GSM(GSM-FR), G723, PCMA, G729, EVRC, EVRCB, AMR-WB."
rtp, Real Time Protocol, rfactor, rfactorq_proto_rtp, uint32, "Rfactor value, following the ITU G.107 calculation method, multiplied by 1000. The following codecs are supported: PCMU, GSM(GSM-FR), G723, PCMA, G729, EVRC, EVRCB, AMR-WB."
rtp, Real Time Protocol, mos_satellite, mos_satelliteq_proto_rtp, uint32, "Standard voice quality indicator for satellite (Mean Opinion Score). This attribute is deprecated."
rtp, Real Time Protocol, session_duration, session_durationq_proto_rtp, string, "Call setup duration."
rtsp, Real Time Streaming Protocol, code, codeq_proto_rtsp, uint32, "Server return code."
rtsp, Real Time Streaming Protocol, uri_start_offset, uri_start_offsetq_proto_rtsp, uint32, "Offset to the first URI byte in the stream."
rtsp, Real Time Streaming Protocol, uri_end_offset, uri_end_offsetq_proto_rtsp, uint32, "Offset to the first byte which is not part of the URI in the stream."
rtsp, Real Time Streaming Protocol, urilen, urilenq_proto_rtsp, uint32, "uri length."
rtsp, Real Time Streaming Protocol, start_time, start_timeq_proto_rtsp, string, "Start date of the call."
rtsp, Real Time Streaming Protocol, session_duration, session_durationq_proto_rtsp, string, "Call setup duration."
rtsp, Real Time Streaming Protocol, media_attr_type, media_attr_typeq_proto_rtsp, uint32, "Contains the media type (audio or video)."
rtsp, Real Time Streaming Protocol, media_attr_addr, media_attr_addrq_proto_rtsp, string, "The mentioned IPv4 address to be used."
rtsp, Real Time Streaming Protocol, media_format, media_formatq_proto_rtsp, uint32, "Client's protocol formats available."
s1ap, S1 Application Protocol, ep_mme_ue_id, ep_mme_ue_idq_proto_s1ap, uint32, "Mobility Management Entity Identifier (MME UE S1AP ID)."
s1ap, S1 Application Protocol, ep_enb_ue_id, ep_enb_ue_idq_proto_s1ap, uint32, "E-UTRAN NodeB Identifier (eNB UE S1AP ID)."
s1ap, S1 Application Protocol, ep_ie_rab_addr, ep_ie_rab_addrq_proto_s1ap, string, "Transport Layer Address (IPv4)."
samsung_apps, Samsung Apps, is_smartphone, is_smartphoneq_proto_samsung_apps, uint32, "Boolean attribute indicating whether the client is a smartphone(1) or not(0)."
sccp, Skinny Client Control Protocol, message_type, message_typeq_proto_sccp, uint32, "The type of the message."
sccp, Skinny Client Control Protocol, call_id, call_idq_proto_sccp, uint32, "Call id, extracted for each call."
sccp, Skinny Client Control Protocol, device_type, device_typeq_proto_sccp, uint32, "Device type"
sccp, Skinny Client Control Protocol, call_way, call_wayq_proto_sccp, uint32, "The call Way (In, Out)"
sccp, Skinny Client Control Protocol, start_time, start_timeq_proto_sccp, string, "Start date of the call."
sccp, Skinny Client Control Protocol, call_duration, call_durationq_proto_sccp, string, "Call duration."
sccp, Skinny Client Control Protocol, callstate, callstateq_proto_sccp, uint32, "Status of the current call"
sccp, Skinny Client Control Protocol, nb_pkt_sent, nb_pkt_sentq_proto_sccp, uint32, "Number of RTP packets sent"
sccp, Skinny Client Control Protocol, nb_pkt_rcv, nb_pkt_rcvq_proto_sccp, uint32, "Number of RTP packets received"
sccp, Skinny Client Control Protocol, nb_byt_sent, nb_byt_sentq_proto_sccp, uint32, "Number of RTP octets sent"
sccp, Skinny Client Control Protocol, nb_byt_rcv, nb_byt_rcvq_proto_sccp, uint32, "Number of RTP octets received"
sccp, Skinny Client Control Protocol, nb_pkt_lost, nb_pkt_lostq_proto_sccp, uint32, "Number of RTP packets lost"
sccp, Skinny Client Control Protocol, stats_jitter, stats_jitterq_proto_sccp, uint32, "Observed Jitter for RTP packets"
sccp, Skinny Client Control Protocol, stats_latency, stats_latencyq_proto_sccp, uint32, "Observed latency for RTP packets"
sccp, Skinny Client Control Protocol, keypad, keypadq_proto_sccp, uint32, "Contains the key pressed on the handset"
sccp, Skinny Client Control Protocol, codec, codecq_proto_sccp, uint32, "The codec used in the RTP session"
sccp, Skinny Client Control Protocol, softkeyevent, softkeyeventq_proto_sccp, uint32, "Contains the soft key event"
sctp, Stream Control Transmission Protocol, chunk_data_tsn, chunk_data_tsnq_proto_sctp, uint32, "The Transmission Sequence Number is a global sequence number of chunks."
sctp, Stream Control Transmission Protocol, chunk_data_proto, chunk_data_protoq_proto_sctp, uint32, "Indicating the data type (or protocol) containing in the chunk."
sip, Session Initiation Protocol, expires, expiresq_proto_sip, uint32, "Time in seconds after which the message expires."
sip, Session Initiation Protocol, start_time, start_timeq_proto_sip, string, "Start date of the call."
sip, Session Initiation Protocol, time_before_spk, time_before_spkq_proto_sip, string, "Waiting delay before speak"
sip, Session Initiation Protocol, session_duration, session_durationq_proto_sip, string, "Duration of the session, between INVITE and BYE."
sip, Session Initiation Protocol, call_duration, call_durationq_proto_sip, string, "Call duration."
sip, Session Initiation Protocol, setup_delay, setup_delayq_proto_sip, string, "Call setup delay."
sip, Session Initiation Protocol, caller_addr, caller_addrq_proto_sip, string, "Address which could be used by the initiator of the call."
sip, Session Initiation Protocol, callee_addr, callee_addrq_proto_sip, string, "Address which could be used by the called party."
sip, Session Initiation Protocol, connection_info_addr, connection_info_addrq_proto_sip, string, "Connection IPv4 address."
sip, Session Initiation Protocol, media_format, media_formatq_proto_sip, uint32, "Client's protocol formats available."
sip, Session Initiation Protocol, media_attr_type, media_attr_typeq_proto_sip, uint32, "Contains the media type (audio or video)."
sip, Session Initiation Protocol, media_attr_addr, media_attr_addrq_proto_sip, string, "The mentioned IPv4 address to be used."
skype, Skype, service_id, service_idq_proto_skype, uint32, "Composite 32-bit integer value defining the service currently used. The first byte (LSB) gives the generic service definition, the second byte gives an advanced service definition for specific cases (example: File Transfer)."
skype, Skype, service_duration, service_durationq_proto_skype, uint32, "4 bytes integer value indicating, when the service is ended, the length of it in seconds"
skype, Skype, service_duration_tv, service_duration_tvq_proto_skype, string, "Timeval structure indicating, when the service is ended, the length of it in second and microseconds."
skype, Skype, service_divergence, service_divergenceq_proto_skype, uint32, "The minimal distance"
slsk, SoulSeek, version, versionq_proto_slsk, uint32, "Current version of the Soulseek client."
slsk, SoulSeek, filesize, filesizeq_proto_slsk, uint32, "Size (byte) of the transferred file."
slsk, SoulSeek, file_id, file_idq_proto_slsk, uint64, "Unique identifier of a file, based on IP of peer and the unique token for this combination file/peer."
smb, Server Message Block (Windows File Server), file_chunk_data_offset, file_chunk_data_offsetq_proto_smb, uint64, "Offset of the transferred data."
smb, Server Message Block (Windows File Server), file_chunk_len, file_chunk_lenq_proto_smb, uint32, "Size of the transferred piece."
smb, Server Message Block (Windows File Server), end_of_file, end_of_fileq_proto_smb, uint64, "The end of file offset value."
smb, Server Message Block (Windows File Server), file_attributes, file_attributesq_proto_smb, uint32, "File attributes (bit field)."
smb, Server Message Block (Windows File Server), user_id, user_idq_proto_smb, uint32, "User identifier (SMB usmb_v1 only)."
smb, Server Message Block (Windows File Server), process_id, process_idq_proto_smb, uint32, "Identifier of the process being affected by the following command."
smb, Server Message Block (Windows File Server), nt_status, nt_statusq_proto_smb, uint32, "NT error code."
smb, Server Message Block (Windows File Server), version, versionq_proto_smb, uint32, "Protocol version."
smb, Server Message Block (Windows File Server), query_id, query_idq_proto_smb, uint64, "Indexes and correlates requests and responses."
smb, Server Message Block (Windows File Server), security_blob_len, security_blob_lenq_proto_smb, uint32, "Security blob data length."
smb, Server Message Block (Windows File Server), search_attributes, search_attributesq_proto_smb, uint32, "An attribute mask used to specify the standard attributes a file MUST have in order to match the search."
smb, Server Message Block (Windows File Server), search_storage_type, search_storage_typeq_proto_smb, uint32, "Specify the search type (directory or file)."
smb, Server Message Block (Windows File Server), session_key, session_keyq_proto_smb, uint32, "Virtual circut session key (SMB usmb_v1 only)."
smb, Server Message Block (Windows File Server), tree_id, tree_idq_proto_smb, uint32, "Connection identifier to a shared resource."
smb, Server Message Block (Windows File Server), filesize, filesizeq_proto_smb, uint64, "Size (byte) of the transferred file."
smb, Server Message Block (Windows File Server), attributes, attributesq_proto_smb, uint32, "File attributes/folder (bit field)."
smb, Server Message Block (Windows File Server), ext_attributes, ext_attributesq_proto_smb, uint32, "(deprecated) Extended File attributes/folder (bit field)."
smb, Server Message Block (Windows File Server), krb5_message_type, krb5_message_typeq_proto_smb, uint32, "Message type."
smb, Server Message Block (Windows File Server), krb5_enc_data_type, krb5_enc_data_typeq_proto_smb, uint32, "Indicate type of Encrypted data (hash) sent in the AS-RQ message."
smb, Server Message Block (Windows File Server), krb5_pa_data_type, krb5_pa_data_typeq_proto_smb, uint32, "PA-DATA type."
smb, Server Message Block (Windows File Server), krb5_ticket_name_type, krb5_ticket_name_typeq_proto_smb, uint32, "Ticket name-type."
smb, Server Message Block (Windows File Server), krb5_err_cname_type, krb5_err_cname_typeq_proto_smb, uint32, "KRB-ERROR cname type."
smb, Server Message Block (Windows File Server), krb5_err_sname_type, krb5_err_sname_typeq_proto_smb, uint32, "KRB-ERROR message server sname type."
smtp, Simple Mail Transfer Protocol, response_code, response_codeq_proto_smtp, uint32, "Return code"
smtp, Simple Mail Transfer Protocol, start_time, start_timeq_proto_smtp, string, "Starting time of SMTP session"
smtp, Simple Mail Transfer Protocol, stop_time, stop_timeq_proto_smtp, string, "Ending time of SMTP session"
smtp, Simple Mail Transfer Protocol, duration, durationq_proto_smtp, string, "Duration of the SMTP session"
smtp, Simple Mail Transfer Protocol, attach_size, attach_sizeq_proto_smtp, uint32, "Attached file MIME size."
smtp, Simple Mail Transfer Protocol, received_from_ip, received_from_ipq_proto_smtp, string, "Contains the IP address of the sending host name"
smtp, Simple Mail Transfer Protocol, received_by_ip, received_by_ipq_proto_smtp, string, "Contains the IP address of the receiving host name"
snmp, Simple Network Management Protocol, request_id, request_idq_proto_snmp, uint32, "Request Identifier."
snmp, Simple Network Management Protocol, value_len, value_lenq_proto_snmp, uint32, "Size of value_raw in bytes."
socks4, SOCKet Secure v4, remote_addr, remote_addrq_proto_socks4, string, "Remote IP address."
socks5, SOCKet Secure v5, remote_addr, remote_addrq_proto_socks5, string, "Remote IP address."
spdy, SPDY, stream_id, stream_idq_proto_spdy, uint32, "Stream identifier."
spdy, SPDY, length, lengthq_proto_spdy, uint32, "Length of the message starting at the offset of this field."
spdy, SPDY, associated_stream_id, associated_stream_idq_proto_spdy, uint32, "Identifier for a stream which this stream is associated to."
spdy, SPDY, status_code, status_codeq_proto_spdy, uint32, "An indicator for why the stream is being terminated."
spdy, SPDY, header_count, header_countq_proto_spdy, uint32, "The number of repeating name/value pairs following this field"
spid, Statistical Protocol IDentification, divergence, divergenceq_proto_spid, uint32, "Divergence giving the distance"
squirrelmail, SquirrelMail, attach_size, attach_sizeq_proto_squirrelmail, uint32, "Attached file MIME size."
squirrelmail, SquirrelMail, draft, draftq_proto_squirrelmail, uint32, "Indicates if the email is a draft or has really been posted"
ssh, Secure Shell, rtt, rttq_proto_ssh, string, "Server response time."
ssl, Secure Socket Layer, index, indexq_proto_ssl, uint32, "Identifier of the request and response in a SSL flow."
ssl, Secure Socket Layer, request_size, request_sizeq_proto_ssl, uint64, "Contains the total length in bytes of the request or the response (including SSL headers). This attribute is computed at the end of the request or response."
stp, Spanning Tree Protocol, root_addr, root_addrq_proto_stp, string, "Root Bridge MAC address."
stp, Spanning Tree Protocol, root_path_cost, root_path_costq_proto_stp, uint32, "Cost of the path to the Root Bridge."
stp, Spanning Tree Protocol, bridge_addr, bridge_addrq_proto_stp, string, "Bridge MAC address."
stun, Session Traversal Utilities for NAT, mapped_address_ipv4, mapped_address_ipv4q_proto_stun, string, "IPv4 address to be mapped."
stun, Session Traversal Utilities for NAT, xor_mapped_address_ipv4, xor_mapped_address_ipv4q_proto_stun, string, "IPv4 address to be mapped, in XORed version (obfuscated)."
stun, Session Traversal Utilities for NAT, magic_cookie, magic_cookieq_proto_stun, uint32, "The magic cookie used to deobfuscate the XOR Mapped Port and XOR Mapped Address."
stun, Session Traversal Utilities for NAT, remote_address_ipv4, remote_address_ipv4q_proto_stun, string, "IPv4 address of the distant peer as seen from the STUN relay server."
tango, Tango Video Calls, service_duration_tv, service_duration_tvq_proto_tango, string, "Timeval structure indicating, when the service is ended, the duration of it in seconds and microseconds."
tango, Tango Video Calls, service_duration, service_durationq_proto_tango, uint32, "4 bytes integer value indicating, when the service is ended, the duration of it in seconds."
tango, Tango Video Calls, service_id, service_idq_proto_tango, uint32, "Composite 32-bit integer value defining the service currently used. The first byte (LSB) gives the generic service definition, the second byte gives an advanced service definition for specific cases (example: File Transfer)."
tcp, Transmission Control Protocol, seg_buffered_count, seg_buffered_countq_proto_tcp, uint32, "Number of segments that have been buffered for reassembly"
tcp, Transmission Control Protocol, seg_buffered_size, seg_buffered_sizeq_proto_tcp, uint32, "Sizes sum of segments that have been buffered for reassembly"
tds, Tabular Data Stream, login_encrypted, login_encryptedq_proto_tds, uint32, "This attribute is set to one if the login phase is encrypted. Implemented conforming to the Microsoft 2014 MS-TDS official specification (http://msdn.microsoft.com/en-us/library/dd304523.aspx); beware, the behaviour may be different with old releases of MS SQL Server not supporting the standard."
teamspeak, Teamspeak v2, channel_id, channel_idq_proto_teamspeak, uint32, "Channel ID"
teamspeak, Teamspeak v2, contact_uid, contact_uidq_proto_teamspeak, uint32, "Contact ID."
teamspeak, Teamspeak v2, message_scope, message_scopeq_proto_teamspeak, uint32, "Message scope"
teamspeak, Teamspeak v2, receiver_uid, receiver_uidq_proto_teamspeak, uint32, "Receiver ID for this message"
teamspeak, Teamspeak v2, sender_uid, sender_uidq_proto_teamspeak, uint32, "Sender ID for this message"
teamspeak, Teamspeak v2, client_uid, client_uidq_proto_teamspeak, uint32, "Client session ID"
teamspeak, Teamspeak v2, session_id, session_idq_proto_teamspeak, uint32, "Uniquely identifies the current user session."
telnet, Telnet, rtt, rttq_proto_telnet, string, "Server response time."
teredo, Teredo protocol, server_ip, server_ipq_proto_teredo, string, "The IPv4 network address of the Teredo server involved in the exchange, read from the encapsulated IPv6 packet header"
teredo, Teredo protocol, client_ip, client_ipq_proto_teredo, string, "Client's mapped IPv4 net address."
teredo, Teredo protocol, origin_client_ip, origin_client_ipq_proto_teredo, string, "IPv4 client address as visible in the Origin Indication"
tftp, Trivial File Transfer Protocol, filesize, filesizeq_proto_tftp, uint32, "Size (byte) of the transferred file."
tns, Transparent Network Service (Oracle), response_size, response_sizeq_proto_tns, uint32, "Unitary size in bytes of one the PDUs returned by the server."
tns, Transparent Network Service (Oracle), response_time, response_timeq_proto_tns, string, "Elapsed time between sending of the dns request and reception of its response."
twoo, Twoo.com, is_mobile_service, is_mobile_serviceq_proto_twoo, uint32, "Whether or not the access was made through a mobile device."
unknown, Unknown virtual protocol, maybe_application_id, maybe_application_idq_proto_unknown, uint32, "Possible application's ID for this flow."
viber, Viber, filesize, filesizeq_proto_viber, uint64, "Size (byte) of the transferred file."
viber, Viber, service_id, service_idq_proto_viber, uint32, "Composite 32-bit integer value defining the service currently used. The first byte (LSB) gives the generic service definition, the second byte gives an advanced service definition for specific cases (example: File Transfer)."
viber, Viber, service_duration, service_durationq_proto_viber, uint32, "4 bytes integer value indicating, when the service is ended, the length of it in seconds"
viber, Viber, service_duration_tv, service_duration_tvq_proto_viber, string, "structure indicating, when the service is ended, the length of it in second and microseconds."
wechat, WeChat, service_id, service_idq_proto_wechat, uint32, "Composite 32-bit integer value defining the service currently used. The first byte (LSB) gives the generic service definition, the second byte gives an advanced service definition for specific cases (example: File Transfer)."
whatsapp, WhatsApp Messenger, service_id, service_idq_proto_whatsapp, uint32, "Composite 32-bit integer value defining the service currently used. The first byte (LSB) gives the generic service definition, the second byte gives an advanced service definition for specific cases (example: File Transfer)."
winmx, Winmx, filesize, filesizeq_proto_winmx, uint32, "Size (byte) of the transferred file."
winmx, Winmx, file_chunk_len, file_chunk_lenq_proto_winmx, uint32, "Size of the transferred piece."
winmx, Winmx, file_chunk_data_offset, file_chunk_data_offsetq_proto_winmx, uint32, "Offset of the transferred data."
wsp, Wireless Session Protocol, connect_rtt, connect_rttq_proto_wsp, string, "Connection establishment time."
wsp, Wireless Session Protocol, query_rtt, query_rttq_proto_wsp, string, "Elapsed time between a request and its response."
wsp, Wireless Session Protocol, request_size, request_sizeq_proto_wsp, uint32, "Contains the total length of the request or the response (including headers)."
wsp, Wireless Session Protocol, index, indexq_proto_wsp, uint32, "Identifier of the request and response in a WSP flow."
wsp, Wireless Session Protocol, index_client, index_clientq_proto_wsp, uint32, "Identifier of the request in a WSP flow."
wsp, Wireless Session Protocol, index_server, index_serverq_proto_wsp, uint32, "Identifier of the response in a WSP flow."
xdmcp, X Display Manager Control Protocol, client_ip, client_ipq_proto_xdmcp, string, "Client IPv4 address."
xdmcp, X Display Manager Control Protocol, server_ip, server_ipq_proto_xdmcp, string, "Server IPv4 address."
yahoo_groups, Yahoo groups, msg_number, msg_numberq_proto_yahoo_groups, uint32, "Number of the posted message."
yahoo_groups, Yahoo groups, draft, draftq_proto_yahoo_groups, uint32, "Indicates if the email is a draft or has really been posted"
yandex_webmail, Yandex webmail, attach_size, attach_sizeq_proto_yandex_webmail, uint32, "Attached file MIME size."
yandex_webmail, Yandex webmail, draft, draftq_proto_yandex_webmail, uint32, "Indicates if the email is a draft or has really been posted"
yandex_webmail, Yandex webmail, importance, importanceq_proto_yandex_webmail, uint32, "Indicates if the email has been marked by the user."
yandex_webmail, Yandex webmail, msglist_attach, msglist_attachq_proto_yandex_webmail, uint32, "Indicates if the message contains an attachment."
yandex_webmail, Yandex webmail, msglist_unread, msglist_unreadq_proto_yandex_webmail, uint32, "Indicates if the message has been read."
ymail2, Yahoo Mail v.2.0, draft, draftq_proto_ymail2, uint32, "Indicates if the email is a draft or has really been posted"
ymail2, Yahoo Mail v.2.0, attach_size, attach_sizeq_proto_ymail2, uint32, "Attached file MIME size."
ymail_classic, Yahoo Mail classic, attach_size, attach_sizeq_proto_ymail_classic, uint32, "Attached file MIME size."
ymail_classic, Yahoo Mail classic, draft, draftq_proto_ymail_classic, uint32, "Indicates if the email is a draft or has really been posted"
ymail_mobile_new, Yahoo webmail for mobile, draft, draftq_proto_ymail_mobile_new, uint32, "Indicates if the email is a draft or has really been posted"
ymail_mobile_new, Yahoo webmail for mobile, attach_size, attach_sizeq_proto_ymail_mobile_new, uint32, "Attached file MIME size."
ymsg, Yahoo Messenger, message_len, message_lenq_proto_ymsg, uint32, "Contains the length of the chat message."
ymsg, Yahoo Messenger, timestamp, timestampq_proto_ymsg, string, "Packet timestamp."
ymsg, Yahoo Messenger, sessionid, sessionidq_proto_ymsg, uint32, "Identification number of session."
ymsg, Yahoo Messenger, filesize, filesizeq_proto_ymsg, uint32, "Size (byte) of the transferred file."
ymsg, Yahoo Messenger, client_local_ip, client_local_ipq_proto_ymsg, string, "Client local ip."
ymsg, Yahoo Messenger, client_ip, client_ipq_proto_ymsg, string, "User IP address."
ymsg, Yahoo Messenger, server_ip, server_ipq_proto_ymsg, string, "Server IP address."
ymsg, Yahoo Messenger, call_duration, call_durationq_proto_ymsg, string, "Call duration."
ymsg_conf, Yahoo Messenger conference service, call_duration, call_durationq_proto_ymsg_conf, string, "Call duration."
ymsg_transfer, Yahoo Messenger Transfer Protocol, filesize, filesizeq_proto_ymsg_transfer, uint32, "Size (byte) of the transferred file."
ymsg_transfer, Yahoo Messenger Transfer Protocol, client_ip, client_ipq_proto_ymsg_transfer, string, "User IP address."
ymsg_transfer, Yahoo Messenger Transfer Protocol, server_ip, server_ipq_proto_ymsg_transfer, string, "Server IP address."
youtube, Youtube.com, video_duration, video_durationq_proto_youtube, uint32, "Duration of the video in seconds."
youtube, Youtube.com, video_width, video_widthq_proto_youtube, uint32, "Width of the video in pixels."
youtube, Youtube.com, video_height, video_heightq_proto_youtube, uint32, "Height of the video in pixels."
youtube, Youtube.com, video_datarate, video_datarateq_proto_youtube, uint32, "Video bitrate in kilobits per second."
youtube, Youtube.com, audio_datarate, audio_datarateq_proto_youtube, uint32, "Audio bitrate in kilobits per second."
youtube, Youtube.com, video_framerate, video_framerateq_proto_youtube, uint32, "Number of frames per second."
youtube, Youtube.com, start_time, start_timeq_proto_youtube, uint32, "Start date of the call."
youtube, Youtube.com, video_totalduration, video_totaldurationq_proto_youtube, uint32, "Total duration of the video in seconds (not extracted)."
youtube, Youtube.com, total_datarate, total_datarateq_proto_youtube, uint32, "Sum of video and audio datarates."
youtube, Youtube.com, video_avgdatarate, video_avgdatarateq_proto_youtube, uint32, "Average video bitrate in kilobits per second."
zimbra, Zimbra Webmail, attach_size, attach_sizeq_proto_zimbra, uint32, "Attached file MIME size."
zimbra, Zimbra Webmail, draft, draftq_proto_zimbra, uint32, "Indicates if the email is a draft or has really been posted"
zimbra_standard, Zimbra Webmail Standard Version, draft, draftq_proto_zimbra_standard, uint32, "Indicates if the email is a draft or has really been posted"
zimbra_standard, Zimbra Webmail Standard Version, attach_size, attach_sizeq_proto_zimbra_standard, uint32, "Attached file MIME size."
