QProto ,Syslog Field,MPE,SIEM
command_codeQ_PROTO_ADC,command,<command>,Command
query_textQ_PROTO_BING,command,<command>,Command
command_codeQ_PROTO_DIAMETER,command,<command>,Command
queryQ_PROTO_DNS,command,<command>,Command
actionQ_PROTO_FACEBOOK,command,<command>,Command
actionQ_PROTO_FACEBOOK_MAIL,command,<command>,Command
plugin_new_versionQ_PROTO_FIREFOX_UPDATE,command,<command>,Command
methodQ_PROTO_FTP,command,<command>,Command
query_rawQ_PROTO_GOOGLE,command,<command>,Command
methodQ_PROTO_H225,command,<command>,Command
methodQ_PROTO_H245,command,<command>,Command
methodQ_PROTO_HTTP,command,<command>,Command
serviceQ_PROTO_ICA,command,<command>,Command
serviceQ_PROTO_ICLOUD,command,<command>,Command
methodQ_PROTO_IMAP,command,<command>,Command
query_textQ_PROTO_LINKEDIN,command,<command>,Command
jobQ_PROTO_LPR,command,<command>,Command
actionQ_PROTO_MAPI,command,<command>,Command
methodQ_PROTO_MGCP,command,<command>,Command
methodQ_PROTO_MSN,command,<command>,Command
queryQ_PROTO_NBNS,command,<command>,Command
methodQ_PROTO_POP3,command,<command>,Command
methodQ_PROTO_PPLIVE,command,<command>,Command
methodQ_PROTO_RAPIDSHARE,command,<command>,Command
methodQ_PROTO_RTSP,command,<command>,Command
methodQ_PROTO_SIP,command,<command>,Command
command_stringQ_PROTO_SMB,command,<command>,Command
methodQ_PROTO_SMTP,command,<command>,Command
methodQ_PROTO_SNMP,command,<command>,Command
methodQ_PROTO_SNPP,command,<command>,Command
supported_next_protocolQ_PROTO_SSL,command,<command>,Command
queryQ_PROTO_TDS,command,<command>,Command
actionQ_PROTO_TWITTER,command,<command>,Command
methodQ_PROTO_YOUTUBE,command,<command>,Command
destination_hostQ_PROTO_DIAMETER,dname,<group>,Group
hostQ_PROTO_DNS,dname,<group>,Group
serverQ_PROTO_GNUTELLA,dname,<group>,Group
hostQ_PROTO_HTTP,dname,<group>,Group
serverQ_PROTO_IRC,dname,<group>,Group
serverQ_PROTO_KRB5,dname,<group>,Group
hostnameQ_PROTO_LDAP,dname,<group>,Group
serverQ_PROTO_LPR,dname,<recipient>,Recipient
groupQ_PROTO_MSN,dname,<group>,Group
serverQ_PROTO_QUAKE,dname,<group>,Group
serverQ_PROTO_RSH,dname,<group>,Group
serverQ_PROTO_RTSP,dname,<group>,Group
serverQ_PROTO_SMTP,dname,<group>,Group
server_nameQ_PROTO_SSL,dname,<group>,Group
serverQ_PROTO_TDS,dname,<group>,Group
serverQ_PROTO_WSP,dname,<group>,Group
VTP_mgmt_domainQ_PROTO_CDP,domain,<domain>,Domain
real_sender_domainQ_PROTO_GMAIL,domain,<domain>,Domain
ntlm_domainQ_PROTO_HTTP,domain,<domain>,Domain
realmQ_PROTO_KRB5,domain,<domain>,Domain
domainQ_PROTO_MAPI,domain,<domain>,Domain
domainQ_PROTO_RAMBLER,domain,<domain>,Domain
domainQ_PROTO_RAMBLER_WEBMAIL,domain,<domain>,Domain
domain_asciiQ_PROTO_RDP,domain,<domain>,Domain
domainQ_PROTO_SMB,domain,<domain>,Domain
loginQ_PROTO_0ZZ0,login,<login>,Login
loginQ_PROTO_AIM,login,<login>,Login
loginQ_PROTO_AIM_EXPRESS,login,<login>,Login
loginQ_PROTO_AIMS,login,<login>,Login
loginQ_PROTO_ARCHIVE,login,<login>,Login
loginQ_PROTO_BADONGO,login,<login>,Login
loginQ_PROTO_BADOO,login,<login>,Login
loginQ_PROTO_BEBO,login,<login>,Login
loginQ_PROTO_DAILYMOTION,login,<login>,Login
loginQ_PROTO_DIAMETER,login,<login>,Login
loginQ_PROTO_DIMP,login,<login>,Login
loginQ_PROTO_DIRECTCONNECT,login,<login>,Login
loginQ_PROTO_EBUDDY,login,<login>,Login
loginQ_PROTO_EDONKEY,login,<login>,Login
loginQ_PROTO_FACEBOOK,login,<login>,Login
loginQ_PROTO_FACEBOOK_MAIL,login,<login>,Login
loginQ_PROTO_FRIENDSTER,login,<login>,Login
loginQ_PROTO_FTP,login,<login>,Login
loginQ_PROTO_GMAIL,login,<login>,Login
loginQ_PROTO_GMAIL_BASIC,login,<login>,Login
loginQ_PROTO_GMAIL_CHAT,login,<login>,Login
loginQ_PROTO_GMAIL_MOBILE,login,<login>,Login
loginQ_PROTO_GMX,login,<login>,Login
loginQ_PROTO_GOOGLE,login,<login>,Login
loginQ_PROTO_GOOGLE_GROUPS,login,<login>,Login
loginQ_PROTO_HI5,login,<login>,Login
refererQ_PROTO_HTTP,login,<login>,Login
login_infoQ_PROTO_ICA,login,<login>,Login
loginQ_PROTO_IMAP,login,<login>,Login
loginQ_PROTO_IMP,login,<login>,Login
loginQ_PROTO_IRC,login,<login>,Login
loginQ_PROTO_JABBER,login,<login>,Login
loginQ_PROTO_KAKAOTALK,login,<login>,Login
loginQ_PROTO_KAZAA,login,<login>,Login
loginQ_PROTO_KRB5,login,<login>,Login
loginQ_PROTO_LAPOSTE_WEBMAIL,login,<login>,Login
loginQ_PROTO_LINKEDIN,login,<login>,Login
loginQ_PROTO_LIVE_GROUPS,login,<login>,Login
loginQ_PROTO_LIVE_HOTMAIL,login,<login>,Login
loginQ_PROTO_LIVEMAIL_MOBILE,login,<login>,Login
loginQ_PROTO_LOTUSNOTES,login,<login>,Login
loginQ_PROTO_LPR,login,<login>,Login
loginQ_PROTO_MAILRU,login,<login>,Login
loginQ_PROTO_MAKTOOB,login,<login>,Login
loginQ_PROTO_MAPI,login,<login>,Login
loginQ_PROTO_MIMP,login,<login>,Login
loginQ_PROTO_MSN,login,<login>,Login
loginQ_PROTO_MYSPACE,login,<login>,Login
loginQ_PROTO_MYSQL,login,<login>,Login
loginQ_PROTO_NETFLIX,login,<login>,Login
loginQ_PROTO_NETLOG,login,<login>,Login
loginQ_PROTO_NICONICO_DOUGA,login,<login>,Login
loginQ_PROTO_NNTP,login,<login>,Login
loginQ_PROTO_ODNOKLASSNIKI,login,<login>,Login
loginQ_PROTO_OOVOO,login,<login>,Login
loginQ_PROTO_ORANGEMAIL,login,<login>,Login
loginQ_PROTO_OWA,login,<login>,Login
loginQ_PROTO_PALTALK,login,<login>,Login
loginQ_PROTO_PALTALK_TRANSFER,login,<login>,Login
loginQ_PROTO_PAP,login,<login>,Login
loginQ_PROTO_PERFSPOT,login,<login>,Login
loginQ_PROTO_POP3,login,<login>,Login
loginQ_PROTO_POSTGRES,login,<login>,Login
loginQ_PROTO_QQ,login,<login>,Login
loginQ_PROTO_QQ_TRANSFER,login,<login>,Login
loginQ_PROTO_RADIUS,login,<login>,Login
loginQ_PROTO_RAMBLER,login,<login>,Login
loginQ_PROTO_RAMBLER_WEBMAIL,login,<login>,Login
loginQ_PROTO_RAPIDSHARE,login,<login>,Login
username_asciiQ_PROTO_RDP,login,<login>,Login
loginQ_PROTO_RSH,login,<login>,Login
loginQ_PROTO_RSYNC,login,<login>,Login
loginQ_PROTO_SECONDLIFE,login,<login>,Login
loginQ_PROTO_SKYBLOG,login,<login>,Login
loginQ_PROTO_SLSK,login,<login>,Login
loginQ_PROTO_SMB,login,<login>,Login
loginQ_PROTO_SMTP,login,<login>,Login
loginQ_PROTO_SNPP,login,<login>,Login
loginQ_PROTO_SQUIRRELMAIL,login,<login>,Login
common_nameQ_PROTO_SSL,login,<login>,Login
loginQ_PROTO_TAGGED,login,<login>,Login
loginQ_PROTO_TANGO,login,<login>,Login
loginQ_PROTO_TCHATCHE,login,<login>,Login
loginQ_PROTO_TDS,login,<login>,Login
loginQ_PROTO_TEAMSPEAK,login,<login>,Login
loginQ_PROTO_TELNET,login,<login>,Login
loginQ_PROTO_TNS,login,<login>,Login
loginQ_PROTO_TWITTER,login,<login>,Login
loginQ_PROTO_USTREAM,login,<login>,Login
loginQ_PROTO_VIADEO,login,<login>,Login
loginQ_PROTO_VKONTAKTE,login,<login>,Login
loginQ_PROTO_WINMX,login,<login>,Login
loginQ_PROTO_YAHOO_GROUPS,login,<login>,Login
loginQ_PROTO_YANDEX,login,<login>,Login
loginQ_PROTO_YANDEX_WEBMAIL,login,<login>,Login
loginQ_PROTO_YMAIL_CLASSIC,login,<login>,Login
loginQ_PROTO_YMAIL_MOBILE,login,<login>,Login
loginQ_PROTO_YMAIL_MOBILE_NEW,login,<login>,Login
loginQ_PROTO_YMAIL2,login,<login>,Login
loginQ_PROTO_YMSG,login,<login>,Login
loginQ_PROTO_YMSG_CONF,login,<login>,Login
loginQ_PROTO_YMSG_TRANSFER,login,<login>,Login
loginQ_PROTO_YMSG_VIDEO,login,<login>,Login
loginQ_PROTO_YMSG_WEBMESSENGER,login,<login>,Login
loginQ_PROTO_YOUTUBE,login,<login>,Login
loginQ_PROTO_ZIMBRA,login,<login>,Login
loginQ_PROTO_ZIMBRA_STANDARD,login,<login>,Login
query_typeQ_PROTO_BING,object,<object>,Object
feed_textQ_PROTO_FACEBOOK,object,<object>,Object
attach_typeQ_PROTO_FACEBOOK_MAIL,object,<object>,Object
new_versionQ_PROTO_FIREFOX_UPDATE,object,<object>,Object
query_textQ_PROTO_GOOGLE,object,<object>,Object
ad_statusQ_PROTO_GOOGLE_ADS,object,<object>,Object
codeQ_PROTO_HTTP,object,<object>,Object
user_agentQ_PROTO_HTTP,object,<sender>,Sender
applicationQ_PROTO_ICA,object,<object>,Object
message_idQ_PROTO_LDAP,object,<object>,Object
folderQ_PROTO_LINKEDIN,object,<object>,Object
messageQ_PROTO_MSN,object,<object>,Object
page_urlQ_PROTO_RTMP,object,<object>,Object
directoryQ_PROTO_RTSP,object,<object>,Object
serviceQ_PROTO_SKYPE,object,<object>,Object
directoryQ_PROTO_SMB,object,<object>,Object
response_codeQ_PROTO_SMTP,object,<object>,Object
database_nameQ_PROTO_TDS,object,<object>,Object
query_rawQ_PROTO_YOUTUBE,object,<object>,Object
filenameQ_PROTO_0ZZ0,objectname,<objectname>,Object Name
filenameQ_PROTO_ADC,objectname,<objectname>,Object Name
filenameQ_PROTO_AIM,objectname,<objectname>,Object Name
filenameQ_PROTO_AIM_TRANSFER,objectname,<objectname>,Object Name
filenameQ_PROTO_ARCHIVE,objectname,<objectname>,Object Name
filenameQ_PROTO_BADONGO,objectname,<objectname>,Object Name
filenameQ_PROTO_BITTORRENT,objectname,<objectname>,Object Name
attach_filenameQ_PROTO_DIMP,objectname,<objectname>,Object Name
filenameQ_PROTO_EDONKEY,objectname,<objectname>,Object Name
attach_filenameQ_PROTO_FACEBOOK_MAIL,objectname,<objectname>,Object Name
filenameQ_PROTO_FTP,objectname,<objectname>,Object Name
attach_filenameQ_PROTO_GMAIL,objectname,<objectname>,Object Name
attach_filenameQ_PROTO_GMAIL_BASIC,objectname,<objectname>,Object Name
attach_filenameQ_PROTO_GMAIL_MOBILE,objectname,<objectname>,Object Name
attach_filenameQ_PROTO_GMX,objectname,<objectname>,Object Name
filenameQ_PROTO_GNUTELLA,objectname,<objectname>,Object Name
filenameQ_PROTO_HTTP,objectname,<objectname>,Object Name
attach_filenameQ_PROTO_IMAP,objectname,<objectname>,Object Name
attach_filenameQ_PROTO_IMP,objectname,<objectname>,Object Name
filenameQ_PROTO_IRC,objectname,<objectname>,Object Name
filenameQ_PROTO_JABBER,objectname,<objectname>,Object Name
filenameQ_PROTO_KAKAOTALK,objectname,<objectname>,Object Name
filenameQ_PROTO_KAZAA,objectname,<objectname>,Object Name
nameQ_PROTO_LDAP,objectname,<objectname>,Object Name
attach_filenameQ_PROTO_LIVE_HOTMAIL,objectname,<objectname>,Object Name
attach_filenameQ_PROTO_LIVEMAIL_MOBILE,objectname,<objectname>,Object Name
attach_filenameQ_PROTO_LOTUSNOTES,objectname,<objectname>,Object Name
attach_filenameQ_PROTO_MAILRU,objectname,<objectname>,Object Name
attach_filenameQ_PROTO_MAKTOOB,objectname,<objectname>,Object Name
filenameQ_PROTO_MASHARE,objectname,<objectname>,Object Name
attach_filenameQ_PROTO_MIMP,objectname,<objectname>,Object Name
filenameQ_PROTO_MMS,objectname,<objectname>,Object Name
filenameQ_PROTO_MSN,objectname,<objectname>,Object Name
filenameQ_PROTO_NFS,objectname,<objectname>,Object Name
attach_filenameQ_PROTO_ORANGEMAIL,objectname,<objectname>,Object Name
attach_filenameQ_PROTO_OWA,objectname,<objectname>,Object Name
filenameQ_PROTO_PALTALK_TRANSFER,objectname,<objectname>,Object Name
attach_filenameQ_PROTO_POP3,objectname,<objectname>,Object Name
filenameQ_PROTO_QQ_TRANSFER,objectname,<objectname>,Object Name
attach_filenameQ_PROTO_RAMBLER_WEBMAIL,objectname,<objectname>,Object Name
filenameQ_PROTO_RAPIDSHARE,objectname,<objectname>,Object Name
filenameQ_PROTO_RTSP,objectname,<objectname>,Object Name
service_idQ_PROTO_SKYPE,objectname,<objectname>,Object Name
filenameQ_PROTO_SLSK,objectname,<objectname>,Object Name
filenameQ_PROTO_SMB,objectname,<objectname>,Object Name
attach_filenameQ_PROTO_SMTP,objectname,<objectname>,Object Name
value_typeQ_PROTO_SNMP,objectname,<objectname>,Object Name
attach_filenameQ_PROTO_SQUIRRELMAIL,objectname,<objectname>,Object Name
filenameQ_PROTO_TFTP,objectname,<objectname>,Object Name
param_screen_nameQ_PROTO_TWITTER,objectname,<objectname>,Object Name
filenameQ_PROTO_WINMX,objectname,<objectname>,Object Name
attach_filenameQ_PROTO_YANDEX_WEBMAIL,objectname,<objectname>,Object Name
attach_filenameQ_PROTO_YMAIL_CLASSIC,objectname,<objectname>,Object Name
attach_filenameQ_PROTO_YMAIL_MOBILE,objectname,<objectname>,Object Name
attach_filenameQ_PROTO_YMAIL_MOBILE_NEW,objectname,<objectname>,Object Name
attach_filenameQ_PROTO_YMAIL2,objectname,<objectname>,Object Name
filenameQ_PROTO_YMSG,objectname,<objectname>,Object Name
filenameQ_PROTO_YMSG_TRANSFER,objectname,<objectname>,Object Name
attach_filenameQ_PROTO_ZIMBRA,objectname,<objectname>,Object Name
attach_filenameQ_PROTO_ZIMBRA_STANDARD,objectname,<objectname>,Object Name
receiverQ_PROTO_AIM,recipient,<recipient>,Recipient
receiverQ_PROTO_AIM_EXPRESS,recipient,<recipient>,Recipient
receiverQ_PROTO_BADOO,recipient,<recipient>,Recipient
receiverQ_PROTO_DIMP,recipient,<recipient>,Recipient
receiverQ_PROTO_EBUDDY,recipient,<recipient>,Recipient
receiverQ_PROTO_FACEBOOK,recipient,<recipient>,Recipient
receiverQ_PROTO_FACEBOOK_MAIL,recipient,<recipient>,Recipient
receiverQ_PROTO_GMAIL,recipient,<recipient>,Recipient
receiverQ_PROTO_GMAIL_BASIC,recipient,<recipient>,Recipient
receiverQ_PROTO_GMAIL_CHAT,recipient,<recipient>,Recipient
receiverQ_PROTO_GMAIL_MOBILE,recipient,<recipient>,Recipient
receiverQ_PROTO_GMX,recipient,<recipient>,Recipient
receiverQ_PROTO_GOOGLE_GROUPS,recipient,<recipient>,Recipient
server_agentQ_PROTO_HTTP,recipient,<recipient>,Recipient
receiverQ_PROTO_IMAP,recipient,<recipient>,Recipient
receiverQ_PROTO_IMP,recipient,<recipient>,Recipient
receiverQ_PROTO_IRC,recipient,<recipient>,Recipient
receiverQ_PROTO_JABBER,recipient,<recipient>,Recipient
receiverQ_PROTO_LINKEDIN,recipient,<recipient>,Recipient
receiverQ_PROTO_LIVE_HOTMAIL,recipient,<recipient>,Recipient
receiverQ_PROTO_LIVEMAIL_MOBILE,recipient,<recipient>,Recipient
receiverQ_PROTO_LOTUSNOTES,recipient,<recipient>,Recipient
receiverQ_PROTO_MAILRU,recipient,<recipient>,Recipient
receiverQ_PROTO_MAKTOOB,recipient,<recipient>,Recipient
receiverQ_PROTO_MIMP,recipient,<recipient>,Recipient
receiverQ_PROTO_MMSE,recipient,<recipient>,Recipient
receiverQ_PROTO_MSN,recipient,<recipient>,Recipient
receiverQ_PROTO_ORANGEMAIL,recipient,<recipient>,Recipient
receiverQ_PROTO_OWA,recipient,<recipient>,Recipient
receiverQ_PROTO_PALTALK,recipient,<recipient>,Recipient
receiverQ_PROTO_PALTALK_TRANSFER,recipient,<recipient>,Recipient
receiverQ_PROTO_POP3,recipient,<recipient>,Recipient
receiverQ_PROTO_RAMBLER_WEBMAIL,recipient,<recipient>,Recipient
receiverQ_PROTO_SMPP,recipient,<recipient>,Recipient
receiverQ_PROTO_SMTP,recipient,<recipient>,Recipient
receiverQ_PROTO_SQUIRRELMAIL,recipient,<recipient>,Recipient
issuerQ_PROTO_SSL,recipient,<recipient>,Recipient
receiverQ_PROTO_TEAMSPEAK,recipient,<recipient>,Recipient
receiverQ_PROTO_YANDEX_WEBMAIL,recipient,<recipient>,Recipient
receiverQ_PROTO_YMAIL_CLASSIC,recipient,<recipient>,Recipient
receiverQ_PROTO_YMAIL_MOBILE,recipient,<recipient>,Recipient
receiverQ_PROTO_YMAIL_MOBILE_NEW,recipient,<recipient>,Recipient
receiverQ_PROTO_YMAIL2,recipient,<recipient>,Recipient
receiverQ_PROTO_YMSG,recipient,<recipient>,Recipient
receiverQ_PROTO_YMSG_WEBMESSENGER,recipient,<recipient>,Recipient
receiverQ_PROTO_ZIMBRA,recipient,<recipient>,Recipient
receiverQ_PROTO_ZIMBRA_STANDARD,recipient,<recipient>,Recipient
senderQ_PROTO_AIM,sender,<sender>,Sender
senderQ_PROTO_AIM_EXPRESS,sender,<sender>,Sender
senderQ_PROTO_BADOO,sender,<sender>,Sender
senderQ_PROTO_DIMP,sender,<sender>,Sender
host_addrQ_PROTO_DNS,sender,<sender>,Sender
senderQ_PROTO_EBUDDY,sender,<sender>,Sender
senderQ_PROTO_FACEBOOK,sender,<sender>,Sender
senderQ_PROTO_FACEBOOK_MAIL,sender,<sender>,Sender
senderQ_PROTO_GMAIL,sender,<sender>,Sender
senderQ_PROTO_GMAIL_BASIC,sender,<sender>,Sender
senderQ_PROTO_GMAIL_CHAT,sender,<sender>,Sender
senderQ_PROTO_GMAIL_MOBILE,sender,<sender>,Sender
senderQ_PROTO_GMX,sender,<sender>,Sender
ad_clientQ_PROTO_GOOGLE_ADS,sender,<sender>,Sender
senderQ_PROTO_GOOGLE_GROUPS,sender,<sender>,Sender
senderQ_PROTO_IMAP,sender,<sender>,Sender
senderQ_PROTO_IMP,sender,<sender>,Sender
senderQ_PROTO_IRC,sender,<sender>,Sender
senderQ_PROTO_JABBER,sender,<sender>,Sender
senderQ_PROTO_LINKEDIN,sender,<sender>,Sender
senderQ_PROTO_LIVE_GROUPS,sender,<sender>,Sender
senderQ_PROTO_LIVE_HOTMAIL,sender,<sender>,Sender
senderQ_PROTO_LIVEMAIL_MOBILE,sender,<sender>,Sender
senderQ_PROTO_LOTUSNOTES,sender,<sender>,Sender
senderQ_PROTO_MAILRU,sender,<sender>,Sender
senderQ_PROTO_MAKTOOB,sender,<sender>,Sender
senderQ_PROTO_MIMP,sender,<sender>,Sender
senderQ_PROTO_MMSE,sender,<sender>,Sender
senderQ_PROTO_MSN,sender,<sender>,Sender
senderQ_PROTO_NNTP,sender,<sender>,Sender
senderQ_PROTO_ORANGEMAIL,sender,<sender>,Sender
senderQ_PROTO_OWA,sender,<sender>,Sender
senderQ_PROTO_PALTALK,sender,<sender>,Sender
senderQ_PROTO_PALTALK_TRANSFER,sender,<sender>,Sender
senderQ_PROTO_POP3,sender,<sender>,Sender
senderQ_PROTO_RAMBLER_WEBMAIL,sender,<sender>,Sender
senderQ_PROTO_SMPP,sender,<sender>,Sender
senderQ_PROTO_SMTP,sender,<sender>,Sender
request_idQ_PROTO_SNMP,sender,<sender>,Sender
senderQ_PROTO_SQUIRRELMAIL,sender,<sender>,Sender
senderQ_PROTO_TEAMSPEAK,sender,<sender>,Sender
user_idQ_PROTO_TWITTER,sender,<sender>,Sender
senderQ_PROTO_YAHOO_GROUPS,sender,<sender>,Sender
senderQ_PROTO_YANDEX_WEBMAIL,sender,<sender>,Sender
senderQ_PROTO_YMAIL_CLASSIC,sender,<sender>,Sender
senderQ_PROTO_YMAIL_MOBILE,sender,<sender>,Sender
senderQ_PROTO_YMAIL_MOBILE_NEW,sender,<sender>,Sender
senderQ_PROTO_YMAIL2,sender,<sender>,Sender
senderQ_PROTO_YMSG,sender,<sender>,Sender
senderQ_PROTO_YMSG_WEBMESSENGER,sender,<sender>,Sender
senderQ_PROTO_ZIMBRA,sender,<sender>,Sender
senderQ_PROTO_ZIMBRA_STANDARD,sender,<sender>,Sender
subjectQ_PROTO_ARCHIVE,subject,<subject>,Subject
subjectQ_PROTO_DIMP,subject,<subject>,Subject
transaction_idQ_PROTO_DNS,subject,<subject>,Subject
messageQ_PROTO_FACEBOOK,subject,<subject>,Subject
subjectQ_PROTO_FACEBOOK_MAIL,subject,<subject>,Subject
plugin_nameQ_PROTO_FIREFOX_UPDATE,subject,<subject>,Subject
subjectQ_PROTO_GMAIL,subject,<subject>,Subject
subjectQ_PROTO_GMAIL_BASIC,subject,<subject>,Subject
subjectQ_PROTO_GMAIL_MOBILE,subject,<subject>,Subject
subjectQ_PROTO_GMX,subject,<subject>,Subject
query_typeQ_PROTO_GOOGLE,subject,<subject>,Subject
subjectQ_PROTO_GOOGLE_GROUPS,subject,<subject>,Subject
mime_typeQ_PROTO_HTTP,subject,<subject>,Subject
subjectQ_PROTO_IMAP,subject,<subject>,Subject
subjectQ_PROTO_IMP,subject,<subject>,Subject
subjectQ_PROTO_LINKEDIN,subject,<subject>,Subject
subjectQ_PROTO_LIVE_GROUPS,subject,<subject>,Subject
subjectQ_PROTO_LIVE_HOTMAIL,subject,<subject>,Subject
subjectQ_PROTO_LIVEMAIL_MOBILE,subject,<subject>,Subject
subjectQ_PROTO_LOTUSNOTES,subject,<subject>,Subject
subjectQ_PROTO_MAILRU,subject,<subject>,Subject
subjectQ_PROTO_MAKTOOB,subject,<subject>,Subject
subjectQ_PROTO_MIMP,subject,<subject>,Subject
subjectQ_PROTO_MMSE,subject,<subject>,Subject
encodingQ_PROTO_MSN,subject,<subject>,Subject
serviceQ_PROTO_NBNS,subject,<subject>,Subject
subjectQ_PROTO_NNTP,subject,<subject>,Subject
subjectQ_PROTO_ORANGEMAIL,subject,<subject>,Subject
subjectQ_PROTO_OWA,subject,<subject>,Subject
subjectQ_PROTO_POP3,subject,<subject>,Subject
subjectQ_PROTO_RAMBLER_WEBMAIL,subject,<subject>,Subject
subjectQ_PROTO_SIP,subject,<subject>,Subject
subjectQ_PROTO_SMTP,subject,<subject>,Subject
nameQ_PROTO_SNMP,subject,<subject>,Subject
subjectQ_PROTO_SQUIRRELMAIL,subject,<subject>,Subject
rttQ_PROTO_SSH,subject,<subject>,Subject
subject_alt_nameQ_PROTO_SSL,subject,<subject>,Subject
session_idQ_PROTO_TWITTER,subject,<subject>,Subject
subjectQ_PROTO_YAHOO_GROUPS,subject,<subject>,Subject
subjectQ_PROTO_YANDEX_WEBMAIL,subject,<subject>,Subject
subjectQ_PROTO_YMAIL_CLASSIC,subject,<subject>,Subject
subjectQ_PROTO_YMAIL_MOBILE,subject,<subject>,Subject
subjectQ_PROTO_YMAIL_MOBILE_NEW,subject,<subject>,Subject
subjectQ_PROTO_YMAIL2,subject,<subject>,Subject
subjectQ_PROTO_ZIMBRA,subject,<subject>,Subject
subjectQ_PROTO_ZIMBRA_STANDARD,subject,<subject>,Subject
ad_url_fullQ_PROTO_GOOGLE_ADS,url,<url>,URL
download_urlQ_PROTO_0ZZ0,url,<url>,URL
component_list_urlQ_PROTO_ADOBE_UPDATE,url,<url>,URL
uri_fullQ_PROTO_HTTP,url,<url>,URL
download_urlQ_PROTO_MASHARE,url,<url>,URL
uriQ_PROTO_MSRP,url,<url>,URL
download_urlQ_PROTO_RAPIDSHARE,url,<url>,URL
stream_urlQ_PROTO_RTMP,url,<url>,URL
uriQ_PROTO_RTSP,url,<url>,URL
uriQ_PROTO_SIP,url,<url>,URL
pathQ_PROTO_SMB,url,<url>,URL
media_urlQ_PROTO_TWITTER,url,<url>,URL
uriQ_PROTO_WSP,url,<url>,URL
file_urlQ_PROTO_YMSG,url,<url>,URL
file_urlQ_PROTO_YMSG_TRANSFER,url,<url>,URL
urlQ_PROTO_YOUTUBE,url,<url>,URL
versionQ_PROTO_3GPP_LI,version,<version>,Version
versionQ_PROTO_AIM,version,<version>,Version
versionQ_PROTO_AIM_EXPRESS,version,<version>,Version
versionQ_PROTO_BXML,version,<version>,Version
current_versionQ_PROTO_FIREFOX_UPDATE,version,<version>,Version
versionQ_PROTO_GIOP,version,<version>,Version
versionQ_PROTO_GMAIL,version,<version>,Version
versionQ_PROTO_H225,version,<version>,Version
versionQ_PROTO_HTTP,version,<version>,Version
versionQ_PROTO_IGMP,version,<version>,Version
versionQ_PROTO_IMP,version,<version>,Version
versionQ_PROTO_IPP,version,<version>,Version
versionQ_PROTO_ISAKMP,version,<version>,Version
versionQ_PROTO_JABBER,version,<version>,Version
versionQ_PROTO_LOTUSNOTES,version,<version>,Version
versionQ_PROTO_MGCP,version,<version>,Version
versionQ_PROTO_MMSE,version,<version>,Version
proto_versionQ_PROTO_MSN,version,<version>,Version
versionQ_PROTO_NFS,version,<version>,Version
versionQ_PROTO_PPTP,version,<version>,Version
versionQ_PROTO_RDP,version,<version>,Version
versionQ_PROTO_RPC,version,<version>,Version
versionQ_PROTO_RTSP,version,<version>,Version
versionQ_PROTO_SKYPE,version,<version>,Version
versionQ_PROTO_SLSK,version,<version>,Version
versionQ_PROTO_SMB,version,<version>,Version
versionQ_PROTO_WHATSAPP,version,<version>,Version
platformQ_PROTO_WINDOWS_UPDATE,version,<version>,Version
versionQ_PROTO_YMSG,version,<version>,Version
versionQ_PROTO_YMSG_WEBMESSENGER,version,<version>,Version
serverQ_PROTO_HTTP,dname,<dname>,Destination Host Unit Test
application_endQ_PROTO_BASE,process,<process>,Process Unit Test
